interview_id,interviewee,title,creation,location,generation,interview_url,json_url,transcript_title,transcript_media_url
ddr-densho-1000-164,Tom Akashi,Tom Akashi Interview,"July 3, 2004","Klamath Falls, Oregon",Issei,https://ddr.densho.org/ddr-densho-1000-164/,https://ddr.densho.org/api/0.2/ddr-densho-1000-164/,Tom Akashi Interview Segment 43 Transcript,https://ddr.densho.org/media/ddr-densho-1000/ddr-densho-1000-164-43-transcript-0048ae3415.htm
ddr-densho-1000-164,Tom Akashi,Tom Akashi Interview,"July 3, 2004","Klamath Falls, Oregon",Issei,https://ddr.densho.org/ddr-densho-1000-164/,https://ddr.densho.org/api/0.2/ddr-densho-1000-164/,Tom Akashi Interview Segment 49 Transcript,https://ddr.densho.org/media/ddr-densho-1000/ddr-densho-1000-164-49-transcript-054253988c.htm
ddr-densho-1000-164,Tom Akashi,Tom Akashi Interview,"July 3, 2004","Klamath Falls, Oregon",Issei,https://ddr.densho.org/ddr-densho-1000-164/,https://ddr.densho.org/api/0.2/ddr-densho-1000-164/,Tom Akashi Interview Segment 34 Transcript,https://ddr.densho.org/media/ddr-densho-1000/ddr-densho-1000-164-34-transcript-09f3775b7c.htm
ddr-densho-1000-164,Tom Akashi,Tom Akashi Interview,"July 3, 2004","Klamath Falls, Oregon",Issei,https://ddr.densho.org/ddr-densho-1000-164/,https://ddr.densho.org/api/0.2/ddr-densho-1000-164/,Tom Akashi Interview Segment 13 Transcript,https://ddr.densho.org/media/ddr-densho-1000/ddr-densho-1000-164-13-transcript-0bd2d5268b.htm
ddr-densho-1000-164,Tom Akashi,Tom Akashi Interview,"July 3, 2004","Klamath Falls, Oregon",Issei,https://ddr.densho.org/ddr-densho-1000-164/,https://ddr.densho.org/api/0.2/ddr-densho-1000-164/,Tom Akashi Interview Segment 14 Transcript,https://ddr.densho.org/media/ddr-densho-1000/ddr-densho-1000-164-14-transcript-0d7b03bd51.htm
ddr-densho-1000-164,Tom Akashi,Tom Akashi Interview,"July 3, 2004","Klamath Falls, Oregon",Issei,https://ddr.densho.org/ddr-densho-1000-164/,https://ddr.densho.org/api/0.2/ddr-densho-1000-164/,Tom Akashi Interview Segment 36 Transcript,https://ddr.densho.org/media/ddr-densho-1000/ddr-densho-1000-164-36-transcript-0db59c9657.htm
ddr-densho-1000-164,Tom Akashi,Tom Akashi Interview,"July 3, 2004","Klamath Falls, Oregon",Issei,https://ddr.densho.org/ddr-densho-1000-164/,https://ddr.densho.org/api/0.2/ddr-densho-1000-164/,Tom Akashi Interview Segment 11 Transcript,https://ddr.densho.org/media/ddr-densho-1000/ddr-densho-1000-164-11-transcript-119dad27f6.htm
ddr-densho-1000-164,Tom Akashi,Tom Akashi Interview,"July 3, 2004","Klamath Falls, Oregon",Issei,https://ddr.densho.org/ddr-densho-1000-164/,https://ddr.densho.org/api/0.2/ddr-densho-1000-164/,Tom Akashi Interview Segment 33 Transcript,https://ddr.densho.org/media/ddr-densho-1000/ddr-densho-1000-164-33-transcript-1a874145bb.htm
ddr-densho-1000-164,Tom Akashi,Tom Akashi Interview,"July 3, 2004","Klamath Falls, Oregon",Issei,https://ddr.densho.org/ddr-densho-1000-164/,https://ddr.densho.org/api/0.2/ddr-densho-1000-164/,Tom Akashi Interview Segment 1 Transcript,https://ddr.densho.org/media/ddr-densho-1000/ddr-densho-1000-164-1-transcript-1e8de7b52f.htm
ddr-densho-1000-164,Tom Akashi,Tom Akashi Interview,"July 3, 2004","Klamath Falls, Oregon",Issei,https://ddr.densho.org/ddr-densho-1000-164/,https://ddr.densho.org/api/0.2/ddr-densho-1000-164/,Tom Akashi Interview Segment 35 Transcript,https://ddr.densho.org/media/ddr-densho-1000/ddr-densho-1000-164-35-transcript-247106609a.htm
ddr-densho-1000-164,Tom Akashi,Tom Akashi Interview,"July 3, 2004","Klamath Falls, Oregon",Issei,https://ddr.densho.org/ddr-densho-1000-164/,https://ddr.densho.org/api/0.2/ddr-densho-1000-164/,Tom Akashi Interview Segment 37 Transcript,https://ddr.densho.org/media/ddr-densho-1000/ddr-densho-1000-164-37-transcript-250f4d040a.htm
ddr-densho-1000-164,Tom Akashi,Tom Akashi Interview,"July 3, 2004","Klamath Falls, Oregon",Issei,https://ddr.densho.org/ddr-densho-1000-164/,https://ddr.densho.org/api/0.2/ddr-densho-1000-164/,Tom Akashi Interview Segment 15 Transcript,https://ddr.densho.org/media/ddr-densho-1000/ddr-densho-1000-164-15-transcript-2662dc748e.htm
ddr-densho-1000-164,Tom Akashi,Tom Akashi Interview,"July 3, 2004","Klamath Falls, Oregon",Issei,https://ddr.densho.org/ddr-densho-1000-164/,https://ddr.densho.org/api/0.2/ddr-densho-1000-164/,Tom Akashi Interview Segment 48 Transcript,https://ddr.densho.org/media/ddr-densho-1000/ddr-densho-1000-164-48-transcript-29fee4062f.htm
ddr-densho-1000-164,Tom Akashi,Tom Akashi Interview,"July 3, 2004","Klamath Falls, Oregon",Issei,https://ddr.densho.org/ddr-densho-1000-164/,https://ddr.densho.org/api/0.2/ddr-densho-1000-164/,Tom Akashi Interview Segment 9 Transcript,https://ddr.densho.org/media/ddr-densho-1000/ddr-densho-1000-164-9-transcript-2c1d0dfe0e.htm
ddr-densho-1000-164,Tom Akashi,Tom Akashi Interview,"July 3, 2004","Klamath Falls, Oregon",Issei,https://ddr.densho.org/ddr-densho-1000-164/,https://ddr.densho.org/api/0.2/ddr-densho-1000-164/,Tom Akashi Interview Segment 55 Transcript,https://ddr.densho.org/media/ddr-densho-1000/ddr-densho-1000-164-55-transcript-2c4a30415d.htm
ddr-densho-1000-164,Tom Akashi,Tom Akashi Interview,"July 3, 2004","Klamath Falls, Oregon",Issei,https://ddr.densho.org/ddr-densho-1000-164/,https://ddr.densho.org/api/0.2/ddr-densho-1000-164/,Tom Akashi Interview Segment 7 Transcript,https://ddr.densho.org/media/ddr-densho-1000/ddr-densho-1000-164-7-transcript-30b2b8ad2e.htm
ddr-densho-1000-164,Tom Akashi,Tom Akashi Interview,"July 3, 2004","Klamath Falls, Oregon",Issei,https://ddr.densho.org/ddr-densho-1000-164/,https://ddr.densho.org/api/0.2/ddr-densho-1000-164/,Tom Akashi Interview Segment 25 Transcript,https://ddr.densho.org/media/ddr-densho-1000/ddr-densho-1000-164-25-transcript-3152a8f592.htm
ddr-densho-1000-164,Tom Akashi,Tom Akashi Interview,"July 3, 2004","Klamath Falls, Oregon",Issei,https://ddr.densho.org/ddr-densho-1000-164/,https://ddr.densho.org/api/0.2/ddr-densho-1000-164/,Tom Akashi Interview Segment 22 Transcript,https://ddr.densho.org/media/ddr-densho-1000/ddr-densho-1000-164-22-transcript-3190d5f33e.htm
ddr-densho-1000-164,Tom Akashi,Tom Akashi Interview,"July 3, 2004","Klamath Falls, Oregon",Issei,https://ddr.densho.org/ddr-densho-1000-164/,https://ddr.densho.org/api/0.2/ddr-densho-1000-164/,Tom Akashi Interview Segment 12 Transcript,https://ddr.densho.org/media/ddr-densho-1000/ddr-densho-1000-164-12-transcript-32287e3f76.htm
ddr-densho-1000-164,Tom Akashi,Tom Akashi Interview,"July 3, 2004","Klamath Falls, Oregon",Issei,https://ddr.densho.org/ddr-densho-1000-164/,https://ddr.densho.org/api/0.2/ddr-densho-1000-164/,Tom Akashi Interview Segment 17 Transcript,https://ddr.densho.org/media/ddr-densho-1000/ddr-densho-1000-164-17-transcript-3855c991f0.htm
ddr-densho-1000-164,Tom Akashi,Tom Akashi Interview,"July 3, 2004","Klamath Falls, Oregon",Issei,https://ddr.densho.org/ddr-densho-1000-164/,https://ddr.densho.org/api/0.2/ddr-densho-1000-164/,Tom Akashi Interview Segment 18 Transcript,https://ddr.densho.org/media/ddr-densho-1000/ddr-densho-1000-164-18-transcript-3d06a84d56.htm
ddr-densho-1000-164,Tom Akashi,Tom Akashi Interview,"July 3, 2004","Klamath Falls, Oregon",Issei,https://ddr.densho.org/ddr-densho-1000-164/,https://ddr.densho.org/api/0.2/ddr-densho-1000-164/,Tom Akashi Interview Segment 5 Transcript,https://ddr.densho.org/media/ddr-densho-1000/ddr-densho-1000-164-5-transcript-3f0d829827.htm
ddr-densho-1000-164,Tom Akashi,Tom Akashi Interview,"July 3, 2004","Klamath Falls, Oregon",Issei,https://ddr.densho.org/ddr-densho-1000-164/,https://ddr.densho.org/api/0.2/ddr-densho-1000-164/,Tom Akashi Interview Segment 4 Transcript,https://ddr.densho.org/media/ddr-densho-1000/ddr-densho-1000-164-4-transcript-3fcde97cb8.htm
ddr-densho-1000-164,Tom Akashi,Tom Akashi Interview,"July 3, 2004","Klamath Falls, Oregon",Issei,https://ddr.densho.org/ddr-densho-1000-164/,https://ddr.densho.org/api/0.2/ddr-densho-1000-164/,Tom Akashi Interview Segment 10 Transcript,https://ddr.densho.org/media/ddr-densho-1000/ddr-densho-1000-164-10-transcript-41abbe10a2.htm
ddr-densho-1000-164,Tom Akashi,Tom Akashi Interview,"July 3, 2004","Klamath Falls, Oregon",Issei,https://ddr.densho.org/ddr-densho-1000-164/,https://ddr.densho.org/api/0.2/ddr-densho-1000-164/,Tom Akashi Interview Segment 23 Transcript,https://ddr.densho.org/media/ddr-densho-1000/ddr-densho-1000-164-23-transcript-4443d568e8.htm
ddr-densho-1000-164,Tom Akashi,Tom Akashi Interview,"July 3, 2004","Klamath Falls, Oregon",Issei,https://ddr.densho.org/ddr-densho-1000-164/,https://ddr.densho.org/api/0.2/ddr-densho-1000-164/,Tom Akashi Interview Segment 41 Transcript,https://ddr.densho.org/media/ddr-densho-1000/ddr-densho-1000-164-41-transcript-514d1f5f77.htm
ddr-densho-1000-164,Tom Akashi,Tom Akashi Interview,"July 3, 2004","Klamath Falls, Oregon",Issei,https://ddr.densho.org/ddr-densho-1000-164/,https://ddr.densho.org/api/0.2/ddr-densho-1000-164/,Tom Akashi Interview Segment 3 Transcript,https://ddr.densho.org/media/ddr-densho-1000/ddr-densho-1000-164-3-transcript-517b0a9185.htm
ddr-densho-1000-164,Tom Akashi,Tom Akashi Interview,"July 3, 2004","Klamath Falls, Oregon",Issei,https://ddr.densho.org/ddr-densho-1000-164/,https://ddr.densho.org/api/0.2/ddr-densho-1000-164/,Tom Akashi Interview Segment 51 Transcript,https://ddr.densho.org/media/ddr-densho-1000/ddr-densho-1000-164-51-transcript-549bfce80d.htm
ddr-densho-1000-164,Tom Akashi,Tom Akashi Interview,"July 3, 2004","Klamath Falls, Oregon",Issei,https://ddr.densho.org/ddr-densho-1000-164/,https://ddr.densho.org/api/0.2/ddr-densho-1000-164/,Tom Akashi Interview Segment 19 Transcript,https://ddr.densho.org/media/ddr-densho-1000/ddr-densho-1000-164-19-transcript-5eddb64d57.htm
ddr-densho-1000-164,Tom Akashi,Tom Akashi Interview,"July 3, 2004","Klamath Falls, Oregon",Issei,https://ddr.densho.org/ddr-densho-1000-164/,https://ddr.densho.org/api/0.2/ddr-densho-1000-164/,Tom Akashi Interview Segment 32 Transcript,https://ddr.densho.org/media/ddr-densho-1000/ddr-densho-1000-164-32-transcript-621ec6e708.htm
ddr-densho-1000-164,Tom Akashi,Tom Akashi Interview,"July 3, 2004","Klamath Falls, Oregon",Issei,https://ddr.densho.org/ddr-densho-1000-164/,https://ddr.densho.org/api/0.2/ddr-densho-1000-164/,Tom Akashi Interview Segment 30 Transcript,https://ddr.densho.org/media/ddr-densho-1000/ddr-densho-1000-164-30-transcript-69632639ba.htm
ddr-densho-1000-164,Tom Akashi,Tom Akashi Interview,"July 3, 2004","Klamath Falls, Oregon",Issei,https://ddr.densho.org/ddr-densho-1000-164/,https://ddr.densho.org/api/0.2/ddr-densho-1000-164/,Tom Akashi Interview Segment 21 Transcript,https://ddr.densho.org/media/ddr-densho-1000/ddr-densho-1000-164-21-transcript-6a31c5f943.htm
ddr-densho-1000-164,Tom Akashi,Tom Akashi Interview,"July 3, 2004","Klamath Falls, Oregon",Issei,https://ddr.densho.org/ddr-densho-1000-164/,https://ddr.densho.org/api/0.2/ddr-densho-1000-164/,Tom Akashi Interview Segment 45 Transcript,https://ddr.densho.org/media/ddr-densho-1000/ddr-densho-1000-164-45-transcript-6c70e52569.htm
ddr-densho-1000-164,Tom Akashi,Tom Akashi Interview,"July 3, 2004","Klamath Falls, Oregon",Issei,https://ddr.densho.org/ddr-densho-1000-164/,https://ddr.densho.org/api/0.2/ddr-densho-1000-164/,Tom Akashi Interview Segment 42 Transcript,https://ddr.densho.org/media/ddr-densho-1000/ddr-densho-1000-164-42-transcript-6e69953ce3.htm
ddr-densho-1000-164,Tom Akashi,Tom Akashi Interview,"July 3, 2004","Klamath Falls, Oregon",Issei,https://ddr.densho.org/ddr-densho-1000-164/,https://ddr.densho.org/api/0.2/ddr-densho-1000-164/,Tom Akashi Interview Segment 40 Transcript,https://ddr.densho.org/media/ddr-densho-1000/ddr-densho-1000-164-40-transcript-70deabea15.htm
ddr-densho-1000-164,Tom Akashi,Tom Akashi Interview,"July 3, 2004","Klamath Falls, Oregon",Issei,https://ddr.densho.org/ddr-densho-1000-164/,https://ddr.densho.org/api/0.2/ddr-densho-1000-164/,Tom Akashi Interview Segment 27 Transcript,https://ddr.densho.org/media/ddr-densho-1000/ddr-densho-1000-164-27-transcript-75bce92aee.htm
ddr-densho-1000-164,Tom Akashi,Tom Akashi Interview,"July 3, 2004","Klamath Falls, Oregon",Issei,https://ddr.densho.org/ddr-densho-1000-164/,https://ddr.densho.org/api/0.2/ddr-densho-1000-164/,Tom Akashi Interview Segment 16 Transcript,https://ddr.densho.org/media/ddr-densho-1000/ddr-densho-1000-164-16-transcript-7fa83044e4.htm
ddr-densho-1000-164,Tom Akashi,Tom Akashi Interview,"July 3, 2004","Klamath Falls, Oregon",Issei,https://ddr.densho.org/ddr-densho-1000-164/,https://ddr.densho.org/api/0.2/ddr-densho-1000-164/,Tom Akashi Interview Segment 47 Transcript,https://ddr.densho.org/media/ddr-densho-1000/ddr-densho-1000-164-47-transcript-85439a8a99.htm
ddr-densho-1000-164,Tom Akashi,Tom Akashi Interview,"July 3, 2004","Klamath Falls, Oregon",Issei,https://ddr.densho.org/ddr-densho-1000-164/,https://ddr.densho.org/api/0.2/ddr-densho-1000-164/,Tom Akashi Interview Segment 52 Transcript,https://ddr.densho.org/media/ddr-densho-1000/ddr-densho-1000-164-52-transcript-85a41baa75.htm
ddr-densho-1000-164,Tom Akashi,Tom Akashi Interview,"July 3, 2004","Klamath Falls, Oregon",Issei,https://ddr.densho.org/ddr-densho-1000-164/,https://ddr.densho.org/api/0.2/ddr-densho-1000-164/,Tom Akashi Interview Segment 50 Transcript,https://ddr.densho.org/media/ddr-densho-1000/ddr-densho-1000-164-50-transcript-a017b54239.htm
ddr-densho-1000-164,Tom Akashi,Tom Akashi Interview,"July 3, 2004","Klamath Falls, Oregon",Issei,https://ddr.densho.org/ddr-densho-1000-164/,https://ddr.densho.org/api/0.2/ddr-densho-1000-164/,Tom Akashi Interview Segment 54 Transcript,https://ddr.densho.org/media/ddr-densho-1000/ddr-densho-1000-164-54-transcript-a55066e29c.htm
ddr-densho-1000-164,Tom Akashi,Tom Akashi Interview,"July 3, 2004","Klamath Falls, Oregon",Issei,https://ddr.densho.org/ddr-densho-1000-164/,https://ddr.densho.org/api/0.2/ddr-densho-1000-164/,Tom Akashi Interview Segment 6 Transcript,https://ddr.densho.org/media/ddr-densho-1000/ddr-densho-1000-164-6-transcript-ac8bcb060a.htm
ddr-densho-1000-164,Tom Akashi,Tom Akashi Interview,"July 3, 2004","Klamath Falls, Oregon",Issei,https://ddr.densho.org/ddr-densho-1000-164/,https://ddr.densho.org/api/0.2/ddr-densho-1000-164/,Tom Akashi Interview Segment 38 Transcript,https://ddr.densho.org/media/ddr-densho-1000/ddr-densho-1000-164-38-transcript-bb8f2d71ed.htm
ddr-densho-1000-164,Tom Akashi,Tom Akashi Interview,"July 3, 2004","Klamath Falls, Oregon",Issei,https://ddr.densho.org/ddr-densho-1000-164/,https://ddr.densho.org/api/0.2/ddr-densho-1000-164/,Tom Akashi Interview Segment 26 Transcript,https://ddr.densho.org/media/ddr-densho-1000/ddr-densho-1000-164-26-transcript-bbab13e70b.htm
ddr-densho-1000-164,Tom Akashi,Tom Akashi Interview,"July 3, 2004","Klamath Falls, Oregon",Issei,https://ddr.densho.org/ddr-densho-1000-164/,https://ddr.densho.org/api/0.2/ddr-densho-1000-164/,Tom Akashi Interview Segment 28 Transcript,https://ddr.densho.org/media/ddr-densho-1000/ddr-densho-1000-164-28-transcript-bf0fd519aa.htm
ddr-densho-1000-164,Tom Akashi,Tom Akashi Interview,"July 3, 2004","Klamath Falls, Oregon",Issei,https://ddr.densho.org/ddr-densho-1000-164/,https://ddr.densho.org/api/0.2/ddr-densho-1000-164/,Tom Akashi Interview Segment 31 Transcript,https://ddr.densho.org/media/ddr-densho-1000/ddr-densho-1000-164-31-transcript-c09cba75ca.htm
ddr-densho-1000-164,Tom Akashi,Tom Akashi Interview,"July 3, 2004","Klamath Falls, Oregon",Issei,https://ddr.densho.org/ddr-densho-1000-164/,https://ddr.densho.org/api/0.2/ddr-densho-1000-164/,Tom Akashi Interview Transcript,https://ddr.densho.org/media/ddr-densho-1000/ddr-densho-1000-164-transcript-d12438ff26.htm
ddr-densho-1000-164,Tom Akashi,Tom Akashi Interview,"July 3, 2004","Klamath Falls, Oregon",Issei,https://ddr.densho.org/ddr-densho-1000-164/,https://ddr.densho.org/api/0.2/ddr-densho-1000-164/,Tom Akashi Interview Segment 2 Transcript,https://ddr.densho.org/media/ddr-densho-1000/ddr-densho-1000-164-2-transcript-d2e1606768.htm
ddr-densho-1000-164,Tom Akashi,Tom Akashi Interview,"July 3, 2004","Klamath Falls, Oregon",Issei,https://ddr.densho.org/ddr-densho-1000-164/,https://ddr.densho.org/api/0.2/ddr-densho-1000-164/,Tom Akashi Interview Segment 29 Transcript,https://ddr.densho.org/media/ddr-densho-1000/ddr-densho-1000-164-29-transcript-d33606400d.htm
ddr-densho-1000-164,Tom Akashi,Tom Akashi Interview,"July 3, 2004","Klamath Falls, Oregon",Issei,https://ddr.densho.org/ddr-densho-1000-164/,https://ddr.densho.org/api/0.2/ddr-densho-1000-164/,Tom Akashi Interview Segment 53 Transcript,https://ddr.densho.org/media/ddr-densho-1000/ddr-densho-1000-164-53-transcript-d531d16fd1.htm
ddr-densho-1000-164,Tom Akashi,Tom Akashi Interview,"July 3, 2004","Klamath Falls, Oregon",Issei,https://ddr.densho.org/ddr-densho-1000-164/,https://ddr.densho.org/api/0.2/ddr-densho-1000-164/,Tom Akashi Interview Segment 44 Transcript,https://ddr.densho.org/media/ddr-densho-1000/ddr-densho-1000-164-44-transcript-d6f3694148.htm
ddr-densho-1000-164,Tom Akashi,Tom Akashi Interview,"July 3, 2004","Klamath Falls, Oregon",Issei,https://ddr.densho.org/ddr-densho-1000-164/,https://ddr.densho.org/api/0.2/ddr-densho-1000-164/,Tom Akashi Interview Segment 46 Transcript,https://ddr.densho.org/media/ddr-densho-1000/ddr-densho-1000-164-46-transcript-dcb44ecf6b.htm
ddr-densho-1000-164,Tom Akashi,Tom Akashi Interview,"July 3, 2004","Klamath Falls, Oregon",Issei,https://ddr.densho.org/ddr-densho-1000-164/,https://ddr.densho.org/api/0.2/ddr-densho-1000-164/,Tom Akashi Interview Segment 24 Transcript,https://ddr.densho.org/media/ddr-densho-1000/ddr-densho-1000-164-24-transcript-e4a19895ff.htm
ddr-densho-1000-164,Tom Akashi,Tom Akashi Interview,"July 3, 2004","Klamath Falls, Oregon",Issei,https://ddr.densho.org/ddr-densho-1000-164/,https://ddr.densho.org/api/0.2/ddr-densho-1000-164/,Tom Akashi Interview Segment 39 Transcript,https://ddr.densho.org/media/ddr-densho-1000/ddr-densho-1000-164-39-transcript-e827b8a43f.htm
ddr-densho-1000-164,Tom Akashi,Tom Akashi Interview,"July 3, 2004","Klamath Falls, Oregon",Issei,https://ddr.densho.org/ddr-densho-1000-164/,https://ddr.densho.org/api/0.2/ddr-densho-1000-164/,Tom Akashi Interview Segment 20 Transcript,https://ddr.densho.org/media/ddr-densho-1000/ddr-densho-1000-164-20-transcript-e9576eb2d3.htm
ddr-densho-1000-164,Tom Akashi,Tom Akashi Interview,"July 3, 2004","Klamath Falls, Oregon",Issei,https://ddr.densho.org/ddr-densho-1000-164/,https://ddr.densho.org/api/0.2/ddr-densho-1000-164/,Tom Akashi Interview Segment 56 Transcript,https://ddr.densho.org/media/ddr-densho-1000/ddr-densho-1000-164-56-transcript-e9a23f906f.htm
ddr-densho-1000-164,Tom Akashi,Tom Akashi Interview,"July 3, 2004","Klamath Falls, Oregon",Issei,https://ddr.densho.org/ddr-densho-1000-164/,https://ddr.densho.org/api/0.2/ddr-densho-1000-164/,Tom Akashi Interview Segment 8 Transcript,https://ddr.densho.org/media/ddr-densho-1000/ddr-densho-1000-164-8-transcript-fa000bd97e.htm
ddr-densho-1000-164,Tom Akashi,Tom Akashi Interview,"July 3, 2004","Klamath Falls, Oregon",Issei,https://ddr.densho.org/ddr-densho-1000-164/,https://ddr.densho.org/api/0.2/ddr-densho-1000-164/,Tom Akashi Interview Glossary,https://ddr.densho.org/media/ddr-densho-1000/ddr-densho-1000-164-transcript-8a52877a69.htm
ddr-densho-1000-188,Mas Akiyama,Mas Akiyama,"March 15, 2006","Spokane, Washington",Nisei,https://ddr.densho.org/ddr-densho-1000-188/,https://ddr.densho.org/api/0.2/ddr-densho-1000-188/,Mas Akiyama Segment 19 Transcript,https://ddr.densho.org/media/ddr-densho-1000/ddr-densho-1000-188-19-transcript-0b24a5387f.htm
ddr-densho-1000-188,Mas Akiyama,Mas Akiyama,"March 15, 2006","Spokane, Washington",Nisei,https://ddr.densho.org/ddr-densho-1000-188/,https://ddr.densho.org/api/0.2/ddr-densho-1000-188/,Mas Akiyama Segment 7 Transcript,https://ddr.densho.org/media/ddr-densho-1000/ddr-densho-1000-188-7-transcript-191e620f3a.htm
ddr-densho-1000-188,Mas Akiyama,Mas Akiyama,"March 15, 2006","Spokane, Washington",Nisei,https://ddr.densho.org/ddr-densho-1000-188/,https://ddr.densho.org/api/0.2/ddr-densho-1000-188/,Mas Akiyama Segment 10 Transcript,https://ddr.densho.org/media/ddr-densho-1000/ddr-densho-1000-188-10-transcript-2c6652222f.htm
ddr-densho-1000-188,Mas Akiyama,Mas Akiyama,"March 15, 2006","Spokane, Washington",Nisei,https://ddr.densho.org/ddr-densho-1000-188/,https://ddr.densho.org/api/0.2/ddr-densho-1000-188/,Mas Akiyama Segment 4 Transcript,https://ddr.densho.org/media/ddr-densho-1000/ddr-densho-1000-188-4-transcript-2eaef0131f.htm
ddr-densho-1000-188,Mas Akiyama,Mas Akiyama,"March 15, 2006","Spokane, Washington",Nisei,https://ddr.densho.org/ddr-densho-1000-188/,https://ddr.densho.org/api/0.2/ddr-densho-1000-188/,Mas Akiyama Segment 1 Transcript,https://ddr.densho.org/media/ddr-densho-1000/ddr-densho-1000-188-1-transcript-30f3c373a9.htm
ddr-densho-1000-188,Mas Akiyama,Mas Akiyama,"March 15, 2006","Spokane, Washington",Nisei,https://ddr.densho.org/ddr-densho-1000-188/,https://ddr.densho.org/api/0.2/ddr-densho-1000-188/,Mas Akiyama Segment 13 Transcript,https://ddr.densho.org/media/ddr-densho-1000/ddr-densho-1000-188-13-transcript-35a93b8e6d.htm
ddr-densho-1000-188,Mas Akiyama,Mas Akiyama,"March 15, 2006","Spokane, Washington",Nisei,https://ddr.densho.org/ddr-densho-1000-188/,https://ddr.densho.org/api/0.2/ddr-densho-1000-188/,Mas Akiyama Segment 3 Transcript,https://ddr.densho.org/media/ddr-densho-1000/ddr-densho-1000-188-3-transcript-4e8625ebea.htm
ddr-densho-1000-188,Mas Akiyama,Mas Akiyama,"March 15, 2006","Spokane, Washington",Nisei,https://ddr.densho.org/ddr-densho-1000-188/,https://ddr.densho.org/api/0.2/ddr-densho-1000-188/,Mas Akiyama Segment 24 Transcript,https://ddr.densho.org/media/ddr-densho-1000/ddr-densho-1000-188-24-transcript-521396561a.htm
ddr-densho-1000-188,Mas Akiyama,Mas Akiyama,"March 15, 2006","Spokane, Washington",Nisei,https://ddr.densho.org/ddr-densho-1000-188/,https://ddr.densho.org/api/0.2/ddr-densho-1000-188/,Mas Akiyama Segment 5 Transcript,https://ddr.densho.org/media/ddr-densho-1000/ddr-densho-1000-188-5-transcript-5d1fd403b2.htm
ddr-densho-1000-188,Mas Akiyama,Mas Akiyama,"March 15, 2006","Spokane, Washington",Nisei,https://ddr.densho.org/ddr-densho-1000-188/,https://ddr.densho.org/api/0.2/ddr-densho-1000-188/,Mas Akiyama Segment 25 Transcript,https://ddr.densho.org/media/ddr-densho-1000/ddr-densho-1000-188-25-transcript-6086968979.htm
ddr-densho-1000-188,Mas Akiyama,Mas Akiyama,"March 15, 2006","Spokane, Washington",Nisei,https://ddr.densho.org/ddr-densho-1000-188/,https://ddr.densho.org/api/0.2/ddr-densho-1000-188/,Mas Akiyama Segment 18 Transcript,https://ddr.densho.org/media/ddr-densho-1000/ddr-densho-1000-188-18-transcript-60d737dccd.htm
ddr-densho-1000-188,Mas Akiyama,Mas Akiyama,"March 15, 2006","Spokane, Washington",Nisei,https://ddr.densho.org/ddr-densho-1000-188/,https://ddr.densho.org/api/0.2/ddr-densho-1000-188/,Mas Akiyama Segment 9 Transcript,https://ddr.densho.org/media/ddr-densho-1000/ddr-densho-1000-188-9-transcript-689da2bc56.htm
ddr-densho-1000-188,Mas Akiyama,Mas Akiyama,"March 15, 2006","Spokane, Washington",Nisei,https://ddr.densho.org/ddr-densho-1000-188/,https://ddr.densho.org/api/0.2/ddr-densho-1000-188/,Mas Akiyama Segment 11 Transcript,https://ddr.densho.org/media/ddr-densho-1000/ddr-densho-1000-188-11-transcript-882d5aa350.htm
ddr-densho-1000-188,Mas Akiyama,Mas Akiyama,"March 15, 2006","Spokane, Washington",Nisei,https://ddr.densho.org/ddr-densho-1000-188/,https://ddr.densho.org/api/0.2/ddr-densho-1000-188/,Mas Akiyama Segment 23 Transcript,https://ddr.densho.org/media/ddr-densho-1000/ddr-densho-1000-188-23-transcript-93f52ff61a.htm
ddr-densho-1000-188,Mas Akiyama,Mas Akiyama,"March 15, 2006","Spokane, Washington",Nisei,https://ddr.densho.org/ddr-densho-1000-188/,https://ddr.densho.org/api/0.2/ddr-densho-1000-188/,Mas Akiyama Segment 6 Transcript,https://ddr.densho.org/media/ddr-densho-1000/ddr-densho-1000-188-6-transcript-a29dd415fd.htm
ddr-densho-1000-188,Mas Akiyama,Mas Akiyama,"March 15, 2006","Spokane, Washington",Nisei,https://ddr.densho.org/ddr-densho-1000-188/,https://ddr.densho.org/api/0.2/ddr-densho-1000-188/,Mas Akiyama Segment 17 Transcript,https://ddr.densho.org/media/ddr-densho-1000/ddr-densho-1000-188-17-transcript-c3b79f628c.htm
ddr-densho-1000-188,Mas Akiyama,Mas Akiyama,"March 15, 2006","Spokane, Washington",Nisei,https://ddr.densho.org/ddr-densho-1000-188/,https://ddr.densho.org/api/0.2/ddr-densho-1000-188/,Mas Akiyama Segment 8 Transcript,https://ddr.densho.org/media/ddr-densho-1000/ddr-densho-1000-188-8-transcript-d374e18afd.htm
ddr-densho-1000-188,Mas Akiyama,Mas Akiyama,"March 15, 2006","Spokane, Washington",Nisei,https://ddr.densho.org/ddr-densho-1000-188/,https://ddr.densho.org/api/0.2/ddr-densho-1000-188/,Mas Akiyama Segment 20 Transcript,https://ddr.densho.org/media/ddr-densho-1000/ddr-densho-1000-188-20-transcript-d8b76b9ce5.htm
ddr-densho-1000-188,Mas Akiyama,Mas Akiyama,"March 15, 2006","Spokane, Washington",Nisei,https://ddr.densho.org/ddr-densho-1000-188/,https://ddr.densho.org/api/0.2/ddr-densho-1000-188/,Mas Akiyama Segment 16 Transcript,https://ddr.densho.org/media/ddr-densho-1000/ddr-densho-1000-188-16-transcript-df0db368a2.htm
ddr-densho-1000-188,Mas Akiyama,Mas Akiyama,"March 15, 2006","Spokane, Washington",Nisei,https://ddr.densho.org/ddr-densho-1000-188/,https://ddr.densho.org/api/0.2/ddr-densho-1000-188/,Mas Akiyama Segment 21 Transcript,https://ddr.densho.org/media/ddr-densho-1000/ddr-densho-1000-188-21-transcript-e128b66127.htm
ddr-densho-1000-188,Mas Akiyama,Mas Akiyama,"March 15, 2006","Spokane, Washington",Nisei,https://ddr.densho.org/ddr-densho-1000-188/,https://ddr.densho.org/api/0.2/ddr-densho-1000-188/,Mas Akiyama Segment 12 Transcript,https://ddr.densho.org/media/ddr-densho-1000/ddr-densho-1000-188-12-transcript-e365e49a74.htm
ddr-densho-1000-188,Mas Akiyama,Mas Akiyama,"March 15, 2006","Spokane, Washington",Nisei,https://ddr.densho.org/ddr-densho-1000-188/,https://ddr.densho.org/api/0.2/ddr-densho-1000-188/,Mas Akiyama Segment 14 Transcript,https://ddr.densho.org/media/ddr-densho-1000/ddr-densho-1000-188-14-transcript-e5d97a2b0c.htm
ddr-densho-1000-188,Mas Akiyama,Mas Akiyama,"March 15, 2006","Spokane, Washington",Nisei,https://ddr.densho.org/ddr-densho-1000-188/,https://ddr.densho.org/api/0.2/ddr-densho-1000-188/,Mas Akiyama Segment 2 Transcript,https://ddr.densho.org/media/ddr-densho-1000/ddr-densho-1000-188-2-transcript-fa36626184.htm
ddr-densho-1000-188,Mas Akiyama,Mas Akiyama,"March 15, 2006","Spokane, Washington",Nisei,https://ddr.densho.org/ddr-densho-1000-188/,https://ddr.densho.org/api/0.2/ddr-densho-1000-188/,Mas Akiyama Segment 15 Transcript,https://ddr.densho.org/media/ddr-densho-1000/ddr-densho-1000-188-15-transcript-fa7fb93f76.htm
ddr-densho-1000-188,Mas Akiyama,Mas Akiyama,"March 15, 2006","Spokane, Washington",Nisei,https://ddr.densho.org/ddr-densho-1000-188/,https://ddr.densho.org/api/0.2/ddr-densho-1000-188/,Mas Akiyama Segment 22 Transcript,https://ddr.densho.org/media/ddr-densho-1000/ddr-densho-1000-188-22-transcript-fabc192f60.htm
ddr-densho-1000-188,Mas Akiyama,Mas Akiyama,"March 15, 2006","Spokane, Washington",Nisei,https://ddr.densho.org/ddr-densho-1000-188/,https://ddr.densho.org/api/0.2/ddr-densho-1000-188/,Mas Akiyama Transcript,https://ddr.densho.org/media/ddr-densho-1000/ddr-densho-1000-188-transcript-fc6ea34aa3.htm
ddr-densho-1000-188,Mas Akiyama,Mas Akiyama,"March 15, 2006","Spokane, Washington",Nisei,https://ddr.densho.org/ddr-densho-1000-188/,https://ddr.densho.org/api/0.2/ddr-densho-1000-188/,Mas Akiyama Glossary,https://ddr.densho.org/media/ddr-densho-1000/ddr-densho-1000-188-transcript-65c4c96cc1.htm
ddr-densho-1000-206,Art Abe,Art Abe Interview,"January 24, 2008","Seattle, Washington",Nisei,https://ddr.densho.org/ddr-densho-1000-206/,https://ddr.densho.org/api/0.2/ddr-densho-1000-206/,Art Abe Interview Segment 4 Transcript,https://ddr.densho.org/media/ddr-densho-1000/ddr-densho-1000-206-4-transcript-05d31ed850.htm
ddr-densho-1000-206,Art Abe,Art Abe Interview,"January 24, 2008","Seattle, Washington",Nisei,https://ddr.densho.org/ddr-densho-1000-206/,https://ddr.densho.org/api/0.2/ddr-densho-1000-206/,Art Abe Interview Segment 3 Transcript,https://ddr.densho.org/media/ddr-densho-1000/ddr-densho-1000-206-3-transcript-12bbc0bed9.htm
ddr-densho-1000-206,Art Abe,Art Abe Interview,"January 24, 2008","Seattle, Washington",Nisei,https://ddr.densho.org/ddr-densho-1000-206/,https://ddr.densho.org/api/0.2/ddr-densho-1000-206/,Art Abe Interview Segment 12 Transcript,https://ddr.densho.org/media/ddr-densho-1000/ddr-densho-1000-206-12-transcript-132f819f2e.htm
ddr-densho-1000-206,Art Abe,Art Abe Interview,"January 24, 2008","Seattle, Washington",Nisei,https://ddr.densho.org/ddr-densho-1000-206/,https://ddr.densho.org/api/0.2/ddr-densho-1000-206/,Art Abe Interview Segment 2 Transcript,https://ddr.densho.org/media/ddr-densho-1000/ddr-densho-1000-206-2-transcript-14549aa0a0.htm
ddr-densho-1000-206,Art Abe,Art Abe Interview,"January 24, 2008","Seattle, Washington",Nisei,https://ddr.densho.org/ddr-densho-1000-206/,https://ddr.densho.org/api/0.2/ddr-densho-1000-206/,Art Abe Interview Segment 20 Transcript,https://ddr.densho.org/media/ddr-densho-1000/ddr-densho-1000-206-20-transcript-28d802afed.htm
ddr-densho-1000-206,Art Abe,Art Abe Interview,"January 24, 2008","Seattle, Washington",Nisei,https://ddr.densho.org/ddr-densho-1000-206/,https://ddr.densho.org/api/0.2/ddr-densho-1000-206/,Art Abe Interview Segment 15 Transcript,https://ddr.densho.org/media/ddr-densho-1000/ddr-densho-1000-206-15-transcript-2b7dbe781b.htm
ddr-densho-1000-206,Art Abe,Art Abe Interview,"January 24, 2008","Seattle, Washington",Nisei,https://ddr.densho.org/ddr-densho-1000-206/,https://ddr.densho.org/api/0.2/ddr-densho-1000-206/,Art Abe Interview Segment 22 Transcript,https://ddr.densho.org/media/ddr-densho-1000/ddr-densho-1000-206-22-transcript-2e016c70e8.htm
ddr-densho-1000-206,Art Abe,Art Abe Interview,"January 24, 2008","Seattle, Washington",Nisei,https://ddr.densho.org/ddr-densho-1000-206/,https://ddr.densho.org/api/0.2/ddr-densho-1000-206/,Art Abe Interview Segment 30 Transcript,https://ddr.densho.org/media/ddr-densho-1000/ddr-densho-1000-206-30-transcript-3ae1cd96af.htm
ddr-densho-1000-206,Art Abe,Art Abe Interview,"January 24, 2008","Seattle, Washington",Nisei,https://ddr.densho.org/ddr-densho-1000-206/,https://ddr.densho.org/api/0.2/ddr-densho-1000-206/,Art Abe Interview Segment 16 Transcript,https://ddr.densho.org/media/ddr-densho-1000/ddr-densho-1000-206-16-transcript-3f50bb61b6.htm
ddr-densho-1000-206,Art Abe,Art Abe Interview,"January 24, 2008","Seattle, Washington",Nisei,https://ddr.densho.org/ddr-densho-1000-206/,https://ddr.densho.org/api/0.2/ddr-densho-1000-206/,Art Abe Interview Segment 27 Transcript,https://ddr.densho.org/media/ddr-densho-1000/ddr-densho-1000-206-27-transcript-45bbfdc3f0.htm
ddr-densho-1000-206,Art Abe,Art Abe Interview,"January 24, 2008","Seattle, Washington",Nisei,https://ddr.densho.org/ddr-densho-1000-206/,https://ddr.densho.org/api/0.2/ddr-densho-1000-206/,Art Abe Interview Segment 29 Transcript,https://ddr.densho.org/media/ddr-densho-1000/ddr-densho-1000-206-29-transcript-4ac216c698.htm
ddr-densho-1000-206,Art Abe,Art Abe Interview,"January 24, 2008","Seattle, Washington",Nisei,https://ddr.densho.org/ddr-densho-1000-206/,https://ddr.densho.org/api/0.2/ddr-densho-1000-206/,Art Abe Interview Segment 24 Transcript,https://ddr.densho.org/media/ddr-densho-1000/ddr-densho-1000-206-24-transcript-58ef287815.htm
ddr-densho-1000-206,Art Abe,Art Abe Interview,"January 24, 2008","Seattle, Washington",Nisei,https://ddr.densho.org/ddr-densho-1000-206/,https://ddr.densho.org/api/0.2/ddr-densho-1000-206/,Art Abe Interview Segment 25 Transcript,https://ddr.densho.org/media/ddr-densho-1000/ddr-densho-1000-206-25-transcript-60b1858024.htm
ddr-densho-1000-206,Art Abe,Art Abe Interview,"January 24, 2008","Seattle, Washington",Nisei,https://ddr.densho.org/ddr-densho-1000-206/,https://ddr.densho.org/api/0.2/ddr-densho-1000-206/,Art Abe Interview Segment 26 Transcript,https://ddr.densho.org/media/ddr-densho-1000/ddr-densho-1000-206-26-transcript-651d1887e6.htm
ddr-densho-1000-206,Art Abe,Art Abe Interview,"January 24, 2008","Seattle, Washington",Nisei,https://ddr.densho.org/ddr-densho-1000-206/,https://ddr.densho.org/api/0.2/ddr-densho-1000-206/,Art Abe Interview Segment 6 Transcript,https://ddr.densho.org/media/ddr-densho-1000/ddr-densho-1000-206-6-transcript-692435060f.htm
ddr-densho-1000-206,Art Abe,Art Abe Interview,"January 24, 2008","Seattle, Washington",Nisei,https://ddr.densho.org/ddr-densho-1000-206/,https://ddr.densho.org/api/0.2/ddr-densho-1000-206/,Art Abe Interview Segment 14 Transcript,https://ddr.densho.org/media/ddr-densho-1000/ddr-densho-1000-206-14-transcript-6dde280976.htm
ddr-densho-1000-206,Art Abe,Art Abe Interview,"January 24, 2008","Seattle, Washington",Nisei,https://ddr.densho.org/ddr-densho-1000-206/,https://ddr.densho.org/api/0.2/ddr-densho-1000-206/,Art Abe Interview Segment 5 Transcript,https://ddr.densho.org/media/ddr-densho-1000/ddr-densho-1000-206-5-transcript-7db34edfdc.htm
ddr-densho-1000-206,Art Abe,Art Abe Interview,"January 24, 2008","Seattle, Washington",Nisei,https://ddr.densho.org/ddr-densho-1000-206/,https://ddr.densho.org/api/0.2/ddr-densho-1000-206/,Art Abe Interview Segment 10 Transcript,https://ddr.densho.org/media/ddr-densho-1000/ddr-densho-1000-206-10-transcript-8312fca31d.htm
ddr-densho-1000-206,Art Abe,Art Abe Interview,"January 24, 2008","Seattle, Washington",Nisei,https://ddr.densho.org/ddr-densho-1000-206/,https://ddr.densho.org/api/0.2/ddr-densho-1000-206/,Art Abe Interview Segment 8 Transcript,https://ddr.densho.org/media/ddr-densho-1000/ddr-densho-1000-206-8-transcript-858f6ef30a.htm
ddr-densho-1000-206,Art Abe,Art Abe Interview,"January 24, 2008","Seattle, Washington",Nisei,https://ddr.densho.org/ddr-densho-1000-206/,https://ddr.densho.org/api/0.2/ddr-densho-1000-206/,Art Abe Interview Segment 19 Transcript,https://ddr.densho.org/media/ddr-densho-1000/ddr-densho-1000-206-19-transcript-89e2aabd54.htm
ddr-densho-1000-206,Art Abe,Art Abe Interview,"January 24, 2008","Seattle, Washington",Nisei,https://ddr.densho.org/ddr-densho-1000-206/,https://ddr.densho.org/api/0.2/ddr-densho-1000-206/,Art Abe Interview Segment 17 Transcript,https://ddr.densho.org/media/ddr-densho-1000/ddr-densho-1000-206-17-transcript-9135a7510d.htm
ddr-densho-1000-206,Art Abe,Art Abe Interview,"January 24, 2008","Seattle, Washington",Nisei,https://ddr.densho.org/ddr-densho-1000-206/,https://ddr.densho.org/api/0.2/ddr-densho-1000-206/,Art Abe Interview Segment 21 Transcript,https://ddr.densho.org/media/ddr-densho-1000/ddr-densho-1000-206-21-transcript-91c38e45e1.htm
ddr-densho-1000-206,Art Abe,Art Abe Interview,"January 24, 2008","Seattle, Washington",Nisei,https://ddr.densho.org/ddr-densho-1000-206/,https://ddr.densho.org/api/0.2/ddr-densho-1000-206/,Art Abe Interview Segment 18 Transcript,https://ddr.densho.org/media/ddr-densho-1000/ddr-densho-1000-206-18-transcript-981f7c2bf5.htm
ddr-densho-1000-206,Art Abe,Art Abe Interview,"January 24, 2008","Seattle, Washington",Nisei,https://ddr.densho.org/ddr-densho-1000-206/,https://ddr.densho.org/api/0.2/ddr-densho-1000-206/,Art Abe Interview Segment 7 Transcript,https://ddr.densho.org/media/ddr-densho-1000/ddr-densho-1000-206-7-transcript-9d3211b112.htm
ddr-densho-1000-206,Art Abe,Art Abe Interview,"January 24, 2008","Seattle, Washington",Nisei,https://ddr.densho.org/ddr-densho-1000-206/,https://ddr.densho.org/api/0.2/ddr-densho-1000-206/,Art Abe Interview Segment 13 Transcript,https://ddr.densho.org/media/ddr-densho-1000/ddr-densho-1000-206-13-transcript-b1a9151fc3.htm
ddr-densho-1000-206,Art Abe,Art Abe Interview,"January 24, 2008","Seattle, Washington",Nisei,https://ddr.densho.org/ddr-densho-1000-206/,https://ddr.densho.org/api/0.2/ddr-densho-1000-206/,Art Abe Interview Segment 9 Transcript,https://ddr.densho.org/media/ddr-densho-1000/ddr-densho-1000-206-9-transcript-bb064b0133.htm
ddr-densho-1000-206,Art Abe,Art Abe Interview,"January 24, 2008","Seattle, Washington",Nisei,https://ddr.densho.org/ddr-densho-1000-206/,https://ddr.densho.org/api/0.2/ddr-densho-1000-206/,Art Abe Interview Transcript,https://ddr.densho.org/media/ddr-densho-1000/ddr-densho-1000-206-transcript-ca077fc2db.htm
ddr-densho-1000-206,Art Abe,Art Abe Interview,"January 24, 2008","Seattle, Washington",Nisei,https://ddr.densho.org/ddr-densho-1000-206/,https://ddr.densho.org/api/0.2/ddr-densho-1000-206/,Art Abe Interview Segment 28 Transcript,https://ddr.densho.org/media/ddr-densho-1000/ddr-densho-1000-206-28-transcript-d008593976.htm
ddr-densho-1000-206,Art Abe,Art Abe Interview,"January 24, 2008","Seattle, Washington",Nisei,https://ddr.densho.org/ddr-densho-1000-206/,https://ddr.densho.org/api/0.2/ddr-densho-1000-206/,Art Abe Interview Segment 11 Transcript,https://ddr.densho.org/media/ddr-densho-1000/ddr-densho-1000-206-11-transcript-d766c8d5f2.htm
ddr-densho-1000-206,Art Abe,Art Abe Interview,"January 24, 2008","Seattle, Washington",Nisei,https://ddr.densho.org/ddr-densho-1000-206/,https://ddr.densho.org/api/0.2/ddr-densho-1000-206/,Art Abe Interview Segment 1 Transcript,https://ddr.densho.org/media/ddr-densho-1000/ddr-densho-1000-206-1-transcript-f163a7f688.htm
ddr-densho-1000-206,Art Abe,Art Abe Interview,"January 24, 2008","Seattle, Washington",Nisei,https://ddr.densho.org/ddr-densho-1000-206/,https://ddr.densho.org/api/0.2/ddr-densho-1000-206/,Art Abe Interview Segment 23 Transcript,https://ddr.densho.org/media/ddr-densho-1000/ddr-densho-1000-206-23-transcript-fce30f7f66.htm
ddr-densho-1000-206,Art Abe,Art Abe Interview,"January 24, 2008","Seattle, Washington",Nisei,https://ddr.densho.org/ddr-densho-1000-206/,https://ddr.densho.org/api/0.2/ddr-densho-1000-206/,Art Abe Interview Glossary,https://ddr.densho.org/media/ddr-densho-1000/ddr-densho-1000-206-transcript-e0568396c3.htm
ddr-densho-1000-208,Sharon Tanagi Aburano,Sharon Tanagi Aburano Interview I,"March 25, 2008","Seattle, Washington",Nisei,https://ddr.densho.org/ddr-densho-1000-208/,https://ddr.densho.org/api/0.2/ddr-densho-1000-208/,Sharon Tanagi Aburano Interview I Segment 29 Transcript,https://ddr.densho.org/media/ddr-densho-1000/ddr-densho-1000-208-29-transcript-00dd34af59.htm
ddr-densho-1000-208,Sharon Tanagi Aburano,Sharon Tanagi Aburano Interview I,"March 25, 2008","Seattle, Washington",Nisei,https://ddr.densho.org/ddr-densho-1000-208/,https://ddr.densho.org/api/0.2/ddr-densho-1000-208/,Sharon Tanagi Aburano Interview I Segment 19 Transcript,https://ddr.densho.org/media/ddr-densho-1000/ddr-densho-1000-208-19-transcript-071cf720d8.htm
ddr-densho-1000-208,Sharon Tanagi Aburano,Sharon Tanagi Aburano Interview I,"March 25, 2008","Seattle, Washington",Nisei,https://ddr.densho.org/ddr-densho-1000-208/,https://ddr.densho.org/api/0.2/ddr-densho-1000-208/,Sharon Tanagi Aburano Interview I Segment 17 Transcript,https://ddr.densho.org/media/ddr-densho-1000/ddr-densho-1000-208-17-transcript-07465324a4.htm
ddr-densho-1000-208,Sharon Tanagi Aburano,Sharon Tanagi Aburano Interview I,"March 25, 2008","Seattle, Washington",Nisei,https://ddr.densho.org/ddr-densho-1000-208/,https://ddr.densho.org/api/0.2/ddr-densho-1000-208/,Sharon Tanagi Aburano Interview I Segment 30 Transcript,https://ddr.densho.org/media/ddr-densho-1000/ddr-densho-1000-208-30-transcript-12a46b0df1.htm
ddr-densho-1000-208,Sharon Tanagi Aburano,Sharon Tanagi Aburano Interview I,"March 25, 2008","Seattle, Washington",Nisei,https://ddr.densho.org/ddr-densho-1000-208/,https://ddr.densho.org/api/0.2/ddr-densho-1000-208/,Sharon Tanagi Aburano Interview I Segment 22 Transcript,https://ddr.densho.org/media/ddr-densho-1000/ddr-densho-1000-208-22-transcript-20c9e1e5b4.htm
ddr-densho-1000-208,Sharon Tanagi Aburano,Sharon Tanagi Aburano Interview I,"March 25, 2008","Seattle, Washington",Nisei,https://ddr.densho.org/ddr-densho-1000-208/,https://ddr.densho.org/api/0.2/ddr-densho-1000-208/,Sharon Tanagi Aburano Interview I Segment 25 Transcript,https://ddr.densho.org/media/ddr-densho-1000/ddr-densho-1000-208-25-transcript-2a63ec545c.htm
ddr-densho-1000-208,Sharon Tanagi Aburano,Sharon Tanagi Aburano Interview I,"March 25, 2008","Seattle, Washington",Nisei,https://ddr.densho.org/ddr-densho-1000-208/,https://ddr.densho.org/api/0.2/ddr-densho-1000-208/,Sharon Tanagi Aburano Interview I Transcript,https://ddr.densho.org/media/ddr-densho-1000/ddr-densho-1000-208-transcript-2dfcee8d62.htm
ddr-densho-1000-208,Sharon Tanagi Aburano,Sharon Tanagi Aburano Interview I,"March 25, 2008","Seattle, Washington",Nisei,https://ddr.densho.org/ddr-densho-1000-208/,https://ddr.densho.org/api/0.2/ddr-densho-1000-208/,Sharon Tanagi Aburano Interview I Segment 6 Transcript,https://ddr.densho.org/media/ddr-densho-1000/ddr-densho-1000-208-6-transcript-31d57900d1.htm
ddr-densho-1000-208,Sharon Tanagi Aburano,Sharon Tanagi Aburano Interview I,"March 25, 2008","Seattle, Washington",Nisei,https://ddr.densho.org/ddr-densho-1000-208/,https://ddr.densho.org/api/0.2/ddr-densho-1000-208/,Sharon Tanagi Aburano Interview I Segment 11 Transcript,https://ddr.densho.org/media/ddr-densho-1000/ddr-densho-1000-208-11-transcript-3868f243d4.htm
ddr-densho-1000-208,Sharon Tanagi Aburano,Sharon Tanagi Aburano Interview I,"March 25, 2008","Seattle, Washington",Nisei,https://ddr.densho.org/ddr-densho-1000-208/,https://ddr.densho.org/api/0.2/ddr-densho-1000-208/,Sharon Tanagi Aburano Interview I Segment 1 Transcript,https://ddr.densho.org/media/ddr-densho-1000/ddr-densho-1000-208-1-transcript-3a18e6d1fe.htm
ddr-densho-1000-208,Sharon Tanagi Aburano,Sharon Tanagi Aburano Interview I,"March 25, 2008","Seattle, Washington",Nisei,https://ddr.densho.org/ddr-densho-1000-208/,https://ddr.densho.org/api/0.2/ddr-densho-1000-208/,Sharon Tanagi Aburano Interview I Segment 24 Transcript,https://ddr.densho.org/media/ddr-densho-1000/ddr-densho-1000-208-24-transcript-4631e83e14.htm
ddr-densho-1000-208,Sharon Tanagi Aburano,Sharon Tanagi Aburano Interview I,"March 25, 2008","Seattle, Washington",Nisei,https://ddr.densho.org/ddr-densho-1000-208/,https://ddr.densho.org/api/0.2/ddr-densho-1000-208/,Sharon Tanagi Aburano Interview I Segment 5 Transcript,https://ddr.densho.org/media/ddr-densho-1000/ddr-densho-1000-208-5-transcript-55a3a5e02f.htm
ddr-densho-1000-208,Sharon Tanagi Aburano,Sharon Tanagi Aburano Interview I,"March 25, 2008","Seattle, Washington",Nisei,https://ddr.densho.org/ddr-densho-1000-208/,https://ddr.densho.org/api/0.2/ddr-densho-1000-208/,Sharon Tanagi Aburano Interview I Segment 13 Transcript,https://ddr.densho.org/media/ddr-densho-1000/ddr-densho-1000-208-13-transcript-5ac73c8b68.htm
ddr-densho-1000-208,Sharon Tanagi Aburano,Sharon Tanagi Aburano Interview I,"March 25, 2008","Seattle, Washington",Nisei,https://ddr.densho.org/ddr-densho-1000-208/,https://ddr.densho.org/api/0.2/ddr-densho-1000-208/,Sharon Tanagi Aburano Interview I Segment 12 Transcript,https://ddr.densho.org/media/ddr-densho-1000/ddr-densho-1000-208-12-transcript-5b65e92915.htm
ddr-densho-1000-208,Sharon Tanagi Aburano,Sharon Tanagi Aburano Interview I,"March 25, 2008","Seattle, Washington",Nisei,https://ddr.densho.org/ddr-densho-1000-208/,https://ddr.densho.org/api/0.2/ddr-densho-1000-208/,Sharon Tanagi Aburano Interview I Segment 9 Transcript,https://ddr.densho.org/media/ddr-densho-1000/ddr-densho-1000-208-9-transcript-5bec2a92c6.htm
ddr-densho-1000-208,Sharon Tanagi Aburano,Sharon Tanagi Aburano Interview I,"March 25, 2008","Seattle, Washington",Nisei,https://ddr.densho.org/ddr-densho-1000-208/,https://ddr.densho.org/api/0.2/ddr-densho-1000-208/,Sharon Tanagi Aburano Interview I Segment 14 Transcript,https://ddr.densho.org/media/ddr-densho-1000/ddr-densho-1000-208-14-transcript-611f6594c8.htm
ddr-densho-1000-208,Sharon Tanagi Aburano,Sharon Tanagi Aburano Interview I,"March 25, 2008","Seattle, Washington",Nisei,https://ddr.densho.org/ddr-densho-1000-208/,https://ddr.densho.org/api/0.2/ddr-densho-1000-208/,Sharon Tanagi Aburano Interview I Segment 28 Transcript,https://ddr.densho.org/media/ddr-densho-1000/ddr-densho-1000-208-28-transcript-7b77eefcf5.htm
ddr-densho-1000-208,Sharon Tanagi Aburano,Sharon Tanagi Aburano Interview I,"March 25, 2008","Seattle, Washington",Nisei,https://ddr.densho.org/ddr-densho-1000-208/,https://ddr.densho.org/api/0.2/ddr-densho-1000-208/,Sharon Tanagi Aburano Interview I Segment 20 Transcript,https://ddr.densho.org/media/ddr-densho-1000/ddr-densho-1000-208-20-transcript-7d9d6cc338.htm
ddr-densho-1000-208,Sharon Tanagi Aburano,Sharon Tanagi Aburano Interview I,"March 25, 2008","Seattle, Washington",Nisei,https://ddr.densho.org/ddr-densho-1000-208/,https://ddr.densho.org/api/0.2/ddr-densho-1000-208/,Sharon Tanagi Aburano Interview I Segment 8 Transcript,https://ddr.densho.org/media/ddr-densho-1000/ddr-densho-1000-208-8-transcript-86e69a4ef3.htm
ddr-densho-1000-208,Sharon Tanagi Aburano,Sharon Tanagi Aburano Interview I,"March 25, 2008","Seattle, Washington",Nisei,https://ddr.densho.org/ddr-densho-1000-208/,https://ddr.densho.org/api/0.2/ddr-densho-1000-208/,Sharon Tanagi Aburano Interview I Segment 15 Transcript,https://ddr.densho.org/media/ddr-densho-1000/ddr-densho-1000-208-15-transcript-89199b85c3.htm
ddr-densho-1000-208,Sharon Tanagi Aburano,Sharon Tanagi Aburano Interview I,"March 25, 2008","Seattle, Washington",Nisei,https://ddr.densho.org/ddr-densho-1000-208/,https://ddr.densho.org/api/0.2/ddr-densho-1000-208/,Sharon Tanagi Aburano Interview I Segment 21 Transcript,https://ddr.densho.org/media/ddr-densho-1000/ddr-densho-1000-208-21-transcript-8fe104315b.htm
ddr-densho-1000-208,Sharon Tanagi Aburano,Sharon Tanagi Aburano Interview I,"March 25, 2008","Seattle, Washington",Nisei,https://ddr.densho.org/ddr-densho-1000-208/,https://ddr.densho.org/api/0.2/ddr-densho-1000-208/,Sharon Tanagi Aburano Interview I Segment 3 Transcript,https://ddr.densho.org/media/ddr-densho-1000/ddr-densho-1000-208-3-transcript-9694fe8abf.htm
ddr-densho-1000-208,Sharon Tanagi Aburano,Sharon Tanagi Aburano Interview I,"March 25, 2008","Seattle, Washington",Nisei,https://ddr.densho.org/ddr-densho-1000-208/,https://ddr.densho.org/api/0.2/ddr-densho-1000-208/,Sharon Tanagi Aburano Interview I Segment 23 Transcript,https://ddr.densho.org/media/ddr-densho-1000/ddr-densho-1000-208-23-transcript-9bbf37b63d.htm
ddr-densho-1000-208,Sharon Tanagi Aburano,Sharon Tanagi Aburano Interview I,"March 25, 2008","Seattle, Washington",Nisei,https://ddr.densho.org/ddr-densho-1000-208/,https://ddr.densho.org/api/0.2/ddr-densho-1000-208/,Sharon Tanagi Aburano Interview I Segment 16 Transcript,https://ddr.densho.org/media/ddr-densho-1000/ddr-densho-1000-208-16-transcript-a2a673f0dd.htm
ddr-densho-1000-208,Sharon Tanagi Aburano,Sharon Tanagi Aburano Interview I,"March 25, 2008","Seattle, Washington",Nisei,https://ddr.densho.org/ddr-densho-1000-208/,https://ddr.densho.org/api/0.2/ddr-densho-1000-208/,Sharon Tanagi Aburano Interview I Segment 10 Transcript,https://ddr.densho.org/media/ddr-densho-1000/ddr-densho-1000-208-10-transcript-aa900c38a5.htm
ddr-densho-1000-208,Sharon Tanagi Aburano,Sharon Tanagi Aburano Interview I,"March 25, 2008","Seattle, Washington",Nisei,https://ddr.densho.org/ddr-densho-1000-208/,https://ddr.densho.org/api/0.2/ddr-densho-1000-208/,Sharon Tanagi Aburano Interview I Segment 7 Transcript,https://ddr.densho.org/media/ddr-densho-1000/ddr-densho-1000-208-7-transcript-acedd16ab5.htm
ddr-densho-1000-208,Sharon Tanagi Aburano,Sharon Tanagi Aburano Interview I,"March 25, 2008","Seattle, Washington",Nisei,https://ddr.densho.org/ddr-densho-1000-208/,https://ddr.densho.org/api/0.2/ddr-densho-1000-208/,Sharon Tanagi Aburano Interview I Segment 2 Transcript,https://ddr.densho.org/media/ddr-densho-1000/ddr-densho-1000-208-2-transcript-b4692f104d.htm
ddr-densho-1000-208,Sharon Tanagi Aburano,Sharon Tanagi Aburano Interview I,"March 25, 2008","Seattle, Washington",Nisei,https://ddr.densho.org/ddr-densho-1000-208/,https://ddr.densho.org/api/0.2/ddr-densho-1000-208/,Sharon Tanagi Aburano Interview I Segment 4 Transcript,https://ddr.densho.org/media/ddr-densho-1000/ddr-densho-1000-208-4-transcript-be4866c537.htm
ddr-densho-1000-208,Sharon Tanagi Aburano,Sharon Tanagi Aburano Interview I,"March 25, 2008","Seattle, Washington",Nisei,https://ddr.densho.org/ddr-densho-1000-208/,https://ddr.densho.org/api/0.2/ddr-densho-1000-208/,Sharon Tanagi Aburano Interview I Segment 26 Transcript,https://ddr.densho.org/media/ddr-densho-1000/ddr-densho-1000-208-26-transcript-cda9a42a29.htm
ddr-densho-1000-208,Sharon Tanagi Aburano,Sharon Tanagi Aburano Interview I,"March 25, 2008","Seattle, Washington",Nisei,https://ddr.densho.org/ddr-densho-1000-208/,https://ddr.densho.org/api/0.2/ddr-densho-1000-208/,Sharon Tanagi Aburano Interview I Segment 18 Transcript,https://ddr.densho.org/media/ddr-densho-1000/ddr-densho-1000-208-18-transcript-da2b297583.htm
ddr-densho-1000-208,Sharon Tanagi Aburano,Sharon Tanagi Aburano Interview I,"March 25, 2008","Seattle, Washington",Nisei,https://ddr.densho.org/ddr-densho-1000-208/,https://ddr.densho.org/api/0.2/ddr-densho-1000-208/,Sharon Tanagi Aburano Interview I Segment 27 Transcript,https://ddr.densho.org/media/ddr-densho-1000/ddr-densho-1000-208-27-transcript-e2343348c8.htm
ddr-densho-1000-208,Sharon Tanagi Aburano,Sharon Tanagi Aburano Interview I,"March 25, 2008","Seattle, Washington",Nisei,https://ddr.densho.org/ddr-densho-1000-208/,https://ddr.densho.org/api/0.2/ddr-densho-1000-208/,Sharon Tanagi Aburano Interview I Glossary,https://ddr.densho.org/media/ddr-densho-1000/ddr-densho-1000-208-transcript-2f1d777696.htm
ddr-densho-1000-209,Sharon Tanagi Aburano,Sharon Tanagi Aburano Interview II,"April 3, 2008","Seattle, Washington",Nisei,https://ddr.densho.org/ddr-densho-1000-209/,https://ddr.densho.org/api/0.2/ddr-densho-1000-209/,Sharon Tanagi Aburano Interview II Segment 6 Transcript,https://ddr.densho.org/media/ddr-densho-1000/ddr-densho-1000-209-6-transcript-02e84b6cb9.htm
ddr-densho-1000-209,Sharon Tanagi Aburano,Sharon Tanagi Aburano Interview II,"April 3, 2008","Seattle, Washington",Nisei,https://ddr.densho.org/ddr-densho-1000-209/,https://ddr.densho.org/api/0.2/ddr-densho-1000-209/,Sharon Tanagi Aburano Interview II Segment 30 Transcript,https://ddr.densho.org/media/ddr-densho-1000/ddr-densho-1000-209-30-transcript-0ca4055abe.htm
ddr-densho-1000-209,Sharon Tanagi Aburano,Sharon Tanagi Aburano Interview II,"April 3, 2008","Seattle, Washington",Nisei,https://ddr.densho.org/ddr-densho-1000-209/,https://ddr.densho.org/api/0.2/ddr-densho-1000-209/,Sharon Tanagi Aburano Interview II Segment 16 Transcript,https://ddr.densho.org/media/ddr-densho-1000/ddr-densho-1000-209-16-transcript-10ee223c5c.htm
ddr-densho-1000-209,Sharon Tanagi Aburano,Sharon Tanagi Aburano Interview II,"April 3, 2008","Seattle, Washington",Nisei,https://ddr.densho.org/ddr-densho-1000-209/,https://ddr.densho.org/api/0.2/ddr-densho-1000-209/,Sharon Tanagi Aburano Interview II Segment 4 Transcript,https://ddr.densho.org/media/ddr-densho-1000/ddr-densho-1000-209-4-transcript-1190aa7cbc.htm
ddr-densho-1000-209,Sharon Tanagi Aburano,Sharon Tanagi Aburano Interview II,"April 3, 2008","Seattle, Washington",Nisei,https://ddr.densho.org/ddr-densho-1000-209/,https://ddr.densho.org/api/0.2/ddr-densho-1000-209/,Sharon Tanagi Aburano Interview II Segment 8 Transcript,https://ddr.densho.org/media/ddr-densho-1000/ddr-densho-1000-209-8-transcript-19811eebb4.htm
ddr-densho-1000-209,Sharon Tanagi Aburano,Sharon Tanagi Aburano Interview II,"April 3, 2008","Seattle, Washington",Nisei,https://ddr.densho.org/ddr-densho-1000-209/,https://ddr.densho.org/api/0.2/ddr-densho-1000-209/,Sharon Tanagi Aburano Interview II Segment 1 Transcript,https://ddr.densho.org/media/ddr-densho-1000/ddr-densho-1000-209-1-transcript-1ef025d35a.htm
ddr-densho-1000-209,Sharon Tanagi Aburano,Sharon Tanagi Aburano Interview II,"April 3, 2008","Seattle, Washington",Nisei,https://ddr.densho.org/ddr-densho-1000-209/,https://ddr.densho.org/api/0.2/ddr-densho-1000-209/,Sharon Tanagi Aburano Interview II Segment 17 Transcript,https://ddr.densho.org/media/ddr-densho-1000/ddr-densho-1000-209-17-transcript-1f158f1576.htm
ddr-densho-1000-209,Sharon Tanagi Aburano,Sharon Tanagi Aburano Interview II,"April 3, 2008","Seattle, Washington",Nisei,https://ddr.densho.org/ddr-densho-1000-209/,https://ddr.densho.org/api/0.2/ddr-densho-1000-209/,Sharon Tanagi Aburano Interview II Segment 12 Transcript,https://ddr.densho.org/media/ddr-densho-1000/ddr-densho-1000-209-12-transcript-1fa2a17d83.htm
ddr-densho-1000-209,Sharon Tanagi Aburano,Sharon Tanagi Aburano Interview II,"April 3, 2008","Seattle, Washington",Nisei,https://ddr.densho.org/ddr-densho-1000-209/,https://ddr.densho.org/api/0.2/ddr-densho-1000-209/,Sharon Tanagi Aburano Interview II Segment 28 Transcript,https://ddr.densho.org/media/ddr-densho-1000/ddr-densho-1000-209-28-transcript-2404ac18fc.htm
ddr-densho-1000-209,Sharon Tanagi Aburano,Sharon Tanagi Aburano Interview II,"April 3, 2008","Seattle, Washington",Nisei,https://ddr.densho.org/ddr-densho-1000-209/,https://ddr.densho.org/api/0.2/ddr-densho-1000-209/,Sharon Tanagi Aburano Interview II Segment 19 Transcript,https://ddr.densho.org/media/ddr-densho-1000/ddr-densho-1000-209-19-transcript-2832df1367.htm
ddr-densho-1000-209,Sharon Tanagi Aburano,Sharon Tanagi Aburano Interview II,"April 3, 2008","Seattle, Washington",Nisei,https://ddr.densho.org/ddr-densho-1000-209/,https://ddr.densho.org/api/0.2/ddr-densho-1000-209/,Sharon Tanagi Aburano Interview II Segment 15 Transcript,https://ddr.densho.org/media/ddr-densho-1000/ddr-densho-1000-209-15-transcript-2e350166d8.htm
ddr-densho-1000-209,Sharon Tanagi Aburano,Sharon Tanagi Aburano Interview II,"April 3, 2008","Seattle, Washington",Nisei,https://ddr.densho.org/ddr-densho-1000-209/,https://ddr.densho.org/api/0.2/ddr-densho-1000-209/,Sharon Tanagi Aburano Interview II Segment 7 Transcript,https://ddr.densho.org/media/ddr-densho-1000/ddr-densho-1000-209-7-transcript-46e3d67da6.htm
ddr-densho-1000-209,Sharon Tanagi Aburano,Sharon Tanagi Aburano Interview II,"April 3, 2008","Seattle, Washington",Nisei,https://ddr.densho.org/ddr-densho-1000-209/,https://ddr.densho.org/api/0.2/ddr-densho-1000-209/,Sharon Tanagi Aburano Interview II Segment 23 Transcript,https://ddr.densho.org/media/ddr-densho-1000/ddr-densho-1000-209-23-transcript-4854281a49.htm
ddr-densho-1000-209,Sharon Tanagi Aburano,Sharon Tanagi Aburano Interview II,"April 3, 2008","Seattle, Washington",Nisei,https://ddr.densho.org/ddr-densho-1000-209/,https://ddr.densho.org/api/0.2/ddr-densho-1000-209/,Sharon Tanagi Aburano Interview II Segment 25 Transcript,https://ddr.densho.org/media/ddr-densho-1000/ddr-densho-1000-209-25-transcript-622423de09.htm
ddr-densho-1000-209,Sharon Tanagi Aburano,Sharon Tanagi Aburano Interview II,"April 3, 2008","Seattle, Washington",Nisei,https://ddr.densho.org/ddr-densho-1000-209/,https://ddr.densho.org/api/0.2/ddr-densho-1000-209/,Sharon Tanagi Aburano Interview II Segment 13 Transcript,https://ddr.densho.org/media/ddr-densho-1000/ddr-densho-1000-209-13-transcript-666599b39f.htm
ddr-densho-1000-209,Sharon Tanagi Aburano,Sharon Tanagi Aburano Interview II,"April 3, 2008","Seattle, Washington",Nisei,https://ddr.densho.org/ddr-densho-1000-209/,https://ddr.densho.org/api/0.2/ddr-densho-1000-209/,Sharon Tanagi Aburano Interview II Segment 2 Transcript,https://ddr.densho.org/media/ddr-densho-1000/ddr-densho-1000-209-2-transcript-797f645277.htm
ddr-densho-1000-209,Sharon Tanagi Aburano,Sharon Tanagi Aburano Interview II,"April 3, 2008","Seattle, Washington",Nisei,https://ddr.densho.org/ddr-densho-1000-209/,https://ddr.densho.org/api/0.2/ddr-densho-1000-209/,Sharon Tanagi Aburano Interview II Segment 27 Transcript,https://ddr.densho.org/media/ddr-densho-1000/ddr-densho-1000-209-27-transcript-8bdb254191.htm
ddr-densho-1000-209,Sharon Tanagi Aburano,Sharon Tanagi Aburano Interview II,"April 3, 2008","Seattle, Washington",Nisei,https://ddr.densho.org/ddr-densho-1000-209/,https://ddr.densho.org/api/0.2/ddr-densho-1000-209/,Sharon Tanagi Aburano Interview II Segment 22 Transcript,https://ddr.densho.org/media/ddr-densho-1000/ddr-densho-1000-209-22-transcript-95dfe171e3.htm
ddr-densho-1000-209,Sharon Tanagi Aburano,Sharon Tanagi Aburano Interview II,"April 3, 2008","Seattle, Washington",Nisei,https://ddr.densho.org/ddr-densho-1000-209/,https://ddr.densho.org/api/0.2/ddr-densho-1000-209/,Sharon Tanagi Aburano Interview II Segment 26 Transcript,https://ddr.densho.org/media/ddr-densho-1000/ddr-densho-1000-209-26-transcript-b0e71476b7.htm
ddr-densho-1000-209,Sharon Tanagi Aburano,Sharon Tanagi Aburano Interview II,"April 3, 2008","Seattle, Washington",Nisei,https://ddr.densho.org/ddr-densho-1000-209/,https://ddr.densho.org/api/0.2/ddr-densho-1000-209/,Sharon Tanagi Aburano Interview II Segment 11 Transcript,https://ddr.densho.org/media/ddr-densho-1000/ddr-densho-1000-209-11-transcript-b8e24e5e95.htm
ddr-densho-1000-209,Sharon Tanagi Aburano,Sharon Tanagi Aburano Interview II,"April 3, 2008","Seattle, Washington",Nisei,https://ddr.densho.org/ddr-densho-1000-209/,https://ddr.densho.org/api/0.2/ddr-densho-1000-209/,Sharon Tanagi Aburano Interview II Segment 20 Transcript,https://ddr.densho.org/media/ddr-densho-1000/ddr-densho-1000-209-20-transcript-bd46c959a8.htm
ddr-densho-1000-209,Sharon Tanagi Aburano,Sharon Tanagi Aburano Interview II,"April 3, 2008","Seattle, Washington",Nisei,https://ddr.densho.org/ddr-densho-1000-209/,https://ddr.densho.org/api/0.2/ddr-densho-1000-209/,Sharon Tanagi Aburano Interview II Segment 10 Transcript,https://ddr.densho.org/media/ddr-densho-1000/ddr-densho-1000-209-10-transcript-c17b7fe384.htm
ddr-densho-1000-209,Sharon Tanagi Aburano,Sharon Tanagi Aburano Interview II,"April 3, 2008","Seattle, Washington",Nisei,https://ddr.densho.org/ddr-densho-1000-209/,https://ddr.densho.org/api/0.2/ddr-densho-1000-209/,Sharon Tanagi Aburano Interview II Segment 5 Transcript,https://ddr.densho.org/media/ddr-densho-1000/ddr-densho-1000-209-5-transcript-ce6b780cef.htm
ddr-densho-1000-209,Sharon Tanagi Aburano,Sharon Tanagi Aburano Interview II,"April 3, 2008","Seattle, Washington",Nisei,https://ddr.densho.org/ddr-densho-1000-209/,https://ddr.densho.org/api/0.2/ddr-densho-1000-209/,Sharon Tanagi Aburano Interview II Segment 18 Transcript,https://ddr.densho.org/media/ddr-densho-1000/ddr-densho-1000-209-18-transcript-d514b471d6.htm
ddr-densho-1000-209,Sharon Tanagi Aburano,Sharon Tanagi Aburano Interview II,"April 3, 2008","Seattle, Washington",Nisei,https://ddr.densho.org/ddr-densho-1000-209/,https://ddr.densho.org/api/0.2/ddr-densho-1000-209/,Sharon Tanagi Aburano Interview II Segment 24 Transcript,https://ddr.densho.org/media/ddr-densho-1000/ddr-densho-1000-209-24-transcript-d68e7ee6e7.htm
ddr-densho-1000-209,Sharon Tanagi Aburano,Sharon Tanagi Aburano Interview II,"April 3, 2008","Seattle, Washington",Nisei,https://ddr.densho.org/ddr-densho-1000-209/,https://ddr.densho.org/api/0.2/ddr-densho-1000-209/,Sharon Tanagi Aburano Interview II Segment 29 Transcript,https://ddr.densho.org/media/ddr-densho-1000/ddr-densho-1000-209-29-transcript-e360e8cdc3.htm
ddr-densho-1000-209,Sharon Tanagi Aburano,Sharon Tanagi Aburano Interview II,"April 3, 2008","Seattle, Washington",Nisei,https://ddr.densho.org/ddr-densho-1000-209/,https://ddr.densho.org/api/0.2/ddr-densho-1000-209/,Sharon Tanagi Aburano Interview II Segment 9 Transcript,https://ddr.densho.org/media/ddr-densho-1000/ddr-densho-1000-209-9-transcript-e59b36036f.htm
ddr-densho-1000-209,Sharon Tanagi Aburano,Sharon Tanagi Aburano Interview II,"April 3, 2008","Seattle, Washington",Nisei,https://ddr.densho.org/ddr-densho-1000-209/,https://ddr.densho.org/api/0.2/ddr-densho-1000-209/,Sharon Tanagi Aburano Interview II Transcript,https://ddr.densho.org/media/ddr-densho-1000/ddr-densho-1000-209-transcript-e696675e42.htm
ddr-densho-1000-209,Sharon Tanagi Aburano,Sharon Tanagi Aburano Interview II,"April 3, 2008","Seattle, Washington",Nisei,https://ddr.densho.org/ddr-densho-1000-209/,https://ddr.densho.org/api/0.2/ddr-densho-1000-209/,Sharon Tanagi Aburano Interview II Segment 14 Transcript,https://ddr.densho.org/media/ddr-densho-1000/ddr-densho-1000-209-14-transcript-e7ec2df911.htm
ddr-densho-1000-209,Sharon Tanagi Aburano,Sharon Tanagi Aburano Interview II,"April 3, 2008","Seattle, Washington",Nisei,https://ddr.densho.org/ddr-densho-1000-209/,https://ddr.densho.org/api/0.2/ddr-densho-1000-209/,Sharon Tanagi Aburano Interview II Segment 21 Transcript,https://ddr.densho.org/media/ddr-densho-1000/ddr-densho-1000-209-21-transcript-ece17dacdf.htm
ddr-densho-1000-209,Sharon Tanagi Aburano,Sharon Tanagi Aburano Interview II,"April 3, 2008","Seattle, Washington",Nisei,https://ddr.densho.org/ddr-densho-1000-209/,https://ddr.densho.org/api/0.2/ddr-densho-1000-209/,Sharon Tanagi Aburano Interview II Segment 3 Transcript,https://ddr.densho.org/media/ddr-densho-1000/ddr-densho-1000-209-3-transcript-f4dd30ce81.htm
ddr-densho-1000-209,Sharon Tanagi Aburano,Sharon Tanagi Aburano Interview II,"April 3, 2008","Seattle, Washington",Nisei,https://ddr.densho.org/ddr-densho-1000-209/,https://ddr.densho.org/api/0.2/ddr-densho-1000-209/,Sharon Tanagi Aburano Interview II Glossary,https://ddr.densho.org/media/ddr-densho-1000/ddr-densho-1000-209-transcript-d18d74ee9d.htm
ddr-densho-1000-221,Yae Aihara,Yae Aihara Interview,"July 4, 2008","Denver, Colorado",Nisei,https://ddr.densho.org/ddr-densho-1000-221/,https://ddr.densho.org/api/0.2/ddr-densho-1000-221/,Yae Aihara Interview Segment 6 Transcript,https://ddr.densho.org/media/ddr-densho-1000/ddr-densho-1000-221-6-transcript-15f1ef3d2f.htm
ddr-densho-1000-221,Yae Aihara,Yae Aihara Interview,"July 4, 2008","Denver, Colorado",Nisei,https://ddr.densho.org/ddr-densho-1000-221/,https://ddr.densho.org/api/0.2/ddr-densho-1000-221/,Yae Aihara Interview Segment 8 Transcript,https://ddr.densho.org/media/ddr-densho-1000/ddr-densho-1000-221-8-transcript-1b7bfad1db.htm
ddr-densho-1000-221,Yae Aihara,Yae Aihara Interview,"July 4, 2008","Denver, Colorado",Nisei,https://ddr.densho.org/ddr-densho-1000-221/,https://ddr.densho.org/api/0.2/ddr-densho-1000-221/,Yae Aihara Interview Segment 9 Transcript,https://ddr.densho.org/media/ddr-densho-1000/ddr-densho-1000-221-9-transcript-22683f3441.htm
ddr-densho-1000-221,Yae Aihara,Yae Aihara Interview,"July 4, 2008","Denver, Colorado",Nisei,https://ddr.densho.org/ddr-densho-1000-221/,https://ddr.densho.org/api/0.2/ddr-densho-1000-221/,Yae Aihara Interview Segment 16 Transcript,https://ddr.densho.org/media/ddr-densho-1000/ddr-densho-1000-221-16-transcript-248fc6e0fc.htm
ddr-densho-1000-221,Yae Aihara,Yae Aihara Interview,"July 4, 2008","Denver, Colorado",Nisei,https://ddr.densho.org/ddr-densho-1000-221/,https://ddr.densho.org/api/0.2/ddr-densho-1000-221/,Yae Aihara Interview Transcript,https://ddr.densho.org/media/ddr-densho-1000/ddr-densho-1000-221-transcript-2af698b01c.htm
ddr-densho-1000-221,Yae Aihara,Yae Aihara Interview,"July 4, 2008","Denver, Colorado",Nisei,https://ddr.densho.org/ddr-densho-1000-221/,https://ddr.densho.org/api/0.2/ddr-densho-1000-221/,Yae Aihara Interview Segment 14 Transcript,https://ddr.densho.org/media/ddr-densho-1000/ddr-densho-1000-221-14-transcript-3364d9dfe8.htm
ddr-densho-1000-221,Yae Aihara,Yae Aihara Interview,"July 4, 2008","Denver, Colorado",Nisei,https://ddr.densho.org/ddr-densho-1000-221/,https://ddr.densho.org/api/0.2/ddr-densho-1000-221/,Yae Aihara Interview Segment 10 Transcript,https://ddr.densho.org/media/ddr-densho-1000/ddr-densho-1000-221-10-transcript-34ed6add75.htm
ddr-densho-1000-221,Yae Aihara,Yae Aihara Interview,"July 4, 2008","Denver, Colorado",Nisei,https://ddr.densho.org/ddr-densho-1000-221/,https://ddr.densho.org/api/0.2/ddr-densho-1000-221/,Yae Aihara Interview Segment 18 Transcript,https://ddr.densho.org/media/ddr-densho-1000/ddr-densho-1000-221-18-transcript-3b25c4fa88.htm
ddr-densho-1000-221,Yae Aihara,Yae Aihara Interview,"July 4, 2008","Denver, Colorado",Nisei,https://ddr.densho.org/ddr-densho-1000-221/,https://ddr.densho.org/api/0.2/ddr-densho-1000-221/,Yae Aihara Interview Segment 3 Transcript,https://ddr.densho.org/media/ddr-densho-1000/ddr-densho-1000-221-3-transcript-5eb4c56485.htm
ddr-densho-1000-221,Yae Aihara,Yae Aihara Interview,"July 4, 2008","Denver, Colorado",Nisei,https://ddr.densho.org/ddr-densho-1000-221/,https://ddr.densho.org/api/0.2/ddr-densho-1000-221/,Yae Aihara Interview Segment 17 Transcript,https://ddr.densho.org/media/ddr-densho-1000/ddr-densho-1000-221-17-transcript-6a47beb364.htm
ddr-densho-1000-221,Yae Aihara,Yae Aihara Interview,"July 4, 2008","Denver, Colorado",Nisei,https://ddr.densho.org/ddr-densho-1000-221/,https://ddr.densho.org/api/0.2/ddr-densho-1000-221/,Yae Aihara Interview Segment 15 Transcript,https://ddr.densho.org/media/ddr-densho-1000/ddr-densho-1000-221-15-transcript-6eb8d570ab.htm
ddr-densho-1000-221,Yae Aihara,Yae Aihara Interview,"July 4, 2008","Denver, Colorado",Nisei,https://ddr.densho.org/ddr-densho-1000-221/,https://ddr.densho.org/api/0.2/ddr-densho-1000-221/,Yae Aihara Interview Segment 13 Transcript,https://ddr.densho.org/media/ddr-densho-1000/ddr-densho-1000-221-13-transcript-85eb6ebe78.htm
ddr-densho-1000-221,Yae Aihara,Yae Aihara Interview,"July 4, 2008","Denver, Colorado",Nisei,https://ddr.densho.org/ddr-densho-1000-221/,https://ddr.densho.org/api/0.2/ddr-densho-1000-221/,Yae Aihara Interview Segment 5 Transcript,https://ddr.densho.org/media/ddr-densho-1000/ddr-densho-1000-221-5-transcript-99e98787ed.htm
ddr-densho-1000-221,Yae Aihara,Yae Aihara Interview,"July 4, 2008","Denver, Colorado",Nisei,https://ddr.densho.org/ddr-densho-1000-221/,https://ddr.densho.org/api/0.2/ddr-densho-1000-221/,Yae Aihara Interview Segment 4 Transcript,https://ddr.densho.org/media/ddr-densho-1000/ddr-densho-1000-221-4-transcript-a07726c074.htm
ddr-densho-1000-221,Yae Aihara,Yae Aihara Interview,"July 4, 2008","Denver, Colorado",Nisei,https://ddr.densho.org/ddr-densho-1000-221/,https://ddr.densho.org/api/0.2/ddr-densho-1000-221/,Yae Aihara Interview Segment 12 Transcript,https://ddr.densho.org/media/ddr-densho-1000/ddr-densho-1000-221-12-transcript-adf6644557.htm
ddr-densho-1000-221,Yae Aihara,Yae Aihara Interview,"July 4, 2008","Denver, Colorado",Nisei,https://ddr.densho.org/ddr-densho-1000-221/,https://ddr.densho.org/api/0.2/ddr-densho-1000-221/,Yae Aihara Interview Segment 1 Transcript,https://ddr.densho.org/media/ddr-densho-1000/ddr-densho-1000-221-1-transcript-b131a8c10e.htm
ddr-densho-1000-221,Yae Aihara,Yae Aihara Interview,"July 4, 2008","Denver, Colorado",Nisei,https://ddr.densho.org/ddr-densho-1000-221/,https://ddr.densho.org/api/0.2/ddr-densho-1000-221/,Yae Aihara Interview Segment 11 Transcript,https://ddr.densho.org/media/ddr-densho-1000/ddr-densho-1000-221-11-transcript-d8f61e8a40.htm
ddr-densho-1000-221,Yae Aihara,Yae Aihara Interview,"July 4, 2008","Denver, Colorado",Nisei,https://ddr.densho.org/ddr-densho-1000-221/,https://ddr.densho.org/api/0.2/ddr-densho-1000-221/,Yae Aihara Interview Segment 2 Transcript,https://ddr.densho.org/media/ddr-densho-1000/ddr-densho-1000-221-2-transcript-dae1b61f02.htm
ddr-densho-1000-221,Yae Aihara,Yae Aihara Interview,"July 4, 2008","Denver, Colorado",Nisei,https://ddr.densho.org/ddr-densho-1000-221/,https://ddr.densho.org/api/0.2/ddr-densho-1000-221/,Yae Aihara Interview Segment 19 Transcript,https://ddr.densho.org/media/ddr-densho-1000/ddr-densho-1000-221-19-transcript-e50b2976b2.htm
ddr-densho-1000-221,Yae Aihara,Yae Aihara Interview,"July 4, 2008","Denver, Colorado",Nisei,https://ddr.densho.org/ddr-densho-1000-221/,https://ddr.densho.org/api/0.2/ddr-densho-1000-221/,Yae Aihara Interview Segment 7 Transcript,https://ddr.densho.org/media/ddr-densho-1000/ddr-densho-1000-221-7-transcript-f88aefe905.htm
ddr-densho-1000-221,Yae Aihara,Yae Aihara Interview,"July 4, 2008","Denver, Colorado",Nisei,https://ddr.densho.org/ddr-densho-1000-221/,https://ddr.densho.org/api/0.2/ddr-densho-1000-221/,Yae Aihara Interview Glossary,https://ddr.densho.org/media/ddr-densho-1000/ddr-densho-1000-221-transcript-75f99395a6.htm
ddr-densho-1000-228,Sumie Suguro Akizuki,Sumie Suguro Akizuki Interview,"October 30, 2008","Seattle, Washington",Nisei,https://ddr.densho.org/ddr-densho-1000-228/,https://ddr.densho.org/api/0.2/ddr-densho-1000-228/,Sumie Suguro Akizuki Interview Segment 11 Transcript,https://ddr.densho.org/media/ddr-densho-1000/ddr-densho-1000-228-11-transcript-08ef9f7545.htm
ddr-densho-1000-228,Sumie Suguro Akizuki,Sumie Suguro Akizuki Interview,"October 30, 2008","Seattle, Washington",Nisei,https://ddr.densho.org/ddr-densho-1000-228/,https://ddr.densho.org/api/0.2/ddr-densho-1000-228/,Sumie Suguro Akizuki Interview Segment 14 Transcript,https://ddr.densho.org/media/ddr-densho-1000/ddr-densho-1000-228-14-transcript-11e54a9d83.htm
ddr-densho-1000-228,Sumie Suguro Akizuki,Sumie Suguro Akizuki Interview,"October 30, 2008","Seattle, Washington",Nisei,https://ddr.densho.org/ddr-densho-1000-228/,https://ddr.densho.org/api/0.2/ddr-densho-1000-228/,Sumie Suguro Akizuki Interview Segment 19 Transcript,https://ddr.densho.org/media/ddr-densho-1000/ddr-densho-1000-228-19-transcript-176cedca9d.htm
ddr-densho-1000-228,Sumie Suguro Akizuki,Sumie Suguro Akizuki Interview,"October 30, 2008","Seattle, Washington",Nisei,https://ddr.densho.org/ddr-densho-1000-228/,https://ddr.densho.org/api/0.2/ddr-densho-1000-228/,Sumie Suguro Akizuki Interview Segment 2 Transcript,https://ddr.densho.org/media/ddr-densho-1000/ddr-densho-1000-228-2-transcript-1b5b86aae0.htm
ddr-densho-1000-228,Sumie Suguro Akizuki,Sumie Suguro Akizuki Interview,"October 30, 2008","Seattle, Washington",Nisei,https://ddr.densho.org/ddr-densho-1000-228/,https://ddr.densho.org/api/0.2/ddr-densho-1000-228/,Sumie Suguro Akizuki Interview Segment 5 Transcript,https://ddr.densho.org/media/ddr-densho-1000/ddr-densho-1000-228-5-transcript-25d3c5fc79.htm
ddr-densho-1000-228,Sumie Suguro Akizuki,Sumie Suguro Akizuki Interview,"October 30, 2008","Seattle, Washington",Nisei,https://ddr.densho.org/ddr-densho-1000-228/,https://ddr.densho.org/api/0.2/ddr-densho-1000-228/,Sumie Suguro Akizuki Interview Transcript,https://ddr.densho.org/media/ddr-densho-1000/ddr-densho-1000-228-transcript-3deea40e4b.htm
ddr-densho-1000-228,Sumie Suguro Akizuki,Sumie Suguro Akizuki Interview,"October 30, 2008","Seattle, Washington",Nisei,https://ddr.densho.org/ddr-densho-1000-228/,https://ddr.densho.org/api/0.2/ddr-densho-1000-228/,Sumie Suguro Akizuki Interview Segment 12 Transcript,https://ddr.densho.org/media/ddr-densho-1000/ddr-densho-1000-228-12-transcript-3e8895af10.htm
ddr-densho-1000-228,Sumie Suguro Akizuki,Sumie Suguro Akizuki Interview,"October 30, 2008","Seattle, Washington",Nisei,https://ddr.densho.org/ddr-densho-1000-228/,https://ddr.densho.org/api/0.2/ddr-densho-1000-228/,Sumie Suguro Akizuki Interview Segment 16 Transcript,https://ddr.densho.org/media/ddr-densho-1000/ddr-densho-1000-228-16-transcript-3f435da0cf.htm
ddr-densho-1000-228,Sumie Suguro Akizuki,Sumie Suguro Akizuki Interview,"October 30, 2008","Seattle, Washington",Nisei,https://ddr.densho.org/ddr-densho-1000-228/,https://ddr.densho.org/api/0.2/ddr-densho-1000-228/,Sumie Suguro Akizuki Interview Segment 20 Transcript,https://ddr.densho.org/media/ddr-densho-1000/ddr-densho-1000-228-20-transcript-50a8a1a5f7.htm
ddr-densho-1000-228,Sumie Suguro Akizuki,Sumie Suguro Akizuki Interview,"October 30, 2008","Seattle, Washington",Nisei,https://ddr.densho.org/ddr-densho-1000-228/,https://ddr.densho.org/api/0.2/ddr-densho-1000-228/,Sumie Suguro Akizuki Interview Segment 8 Transcript,https://ddr.densho.org/media/ddr-densho-1000/ddr-densho-1000-228-8-transcript-5103551a6d.htm
ddr-densho-1000-228,Sumie Suguro Akizuki,Sumie Suguro Akizuki Interview,"October 30, 2008","Seattle, Washington",Nisei,https://ddr.densho.org/ddr-densho-1000-228/,https://ddr.densho.org/api/0.2/ddr-densho-1000-228/,Sumie Suguro Akizuki Interview Segment 10 Transcript,https://ddr.densho.org/media/ddr-densho-1000/ddr-densho-1000-228-10-transcript-61c1d47806.htm
ddr-densho-1000-228,Sumie Suguro Akizuki,Sumie Suguro Akizuki Interview,"October 30, 2008","Seattle, Washington",Nisei,https://ddr.densho.org/ddr-densho-1000-228/,https://ddr.densho.org/api/0.2/ddr-densho-1000-228/,Sumie Suguro Akizuki Interview Segment 17 Transcript,https://ddr.densho.org/media/ddr-densho-1000/ddr-densho-1000-228-17-transcript-6ce8383b0e.htm
ddr-densho-1000-228,Sumie Suguro Akizuki,Sumie Suguro Akizuki Interview,"October 30, 2008","Seattle, Washington",Nisei,https://ddr.densho.org/ddr-densho-1000-228/,https://ddr.densho.org/api/0.2/ddr-densho-1000-228/,Sumie Suguro Akizuki Interview Segment 18 Transcript,https://ddr.densho.org/media/ddr-densho-1000/ddr-densho-1000-228-18-transcript-6fffb8c3b5.htm
ddr-densho-1000-228,Sumie Suguro Akizuki,Sumie Suguro Akizuki Interview,"October 30, 2008","Seattle, Washington",Nisei,https://ddr.densho.org/ddr-densho-1000-228/,https://ddr.densho.org/api/0.2/ddr-densho-1000-228/,Sumie Suguro Akizuki Interview Segment 6 Transcript,https://ddr.densho.org/media/ddr-densho-1000/ddr-densho-1000-228-6-transcript-944e07f41c.htm
ddr-densho-1000-228,Sumie Suguro Akizuki,Sumie Suguro Akizuki Interview,"October 30, 2008","Seattle, Washington",Nisei,https://ddr.densho.org/ddr-densho-1000-228/,https://ddr.densho.org/api/0.2/ddr-densho-1000-228/,Sumie Suguro Akizuki Interview Segment 13 Transcript,https://ddr.densho.org/media/ddr-densho-1000/ddr-densho-1000-228-13-transcript-9ed04c38b9.htm
ddr-densho-1000-228,Sumie Suguro Akizuki,Sumie Suguro Akizuki Interview,"October 30, 2008","Seattle, Washington",Nisei,https://ddr.densho.org/ddr-densho-1000-228/,https://ddr.densho.org/api/0.2/ddr-densho-1000-228/,Sumie Suguro Akizuki Interview Segment 3 Transcript,https://ddr.densho.org/media/ddr-densho-1000/ddr-densho-1000-228-3-transcript-9f6c6cf1cb.htm
ddr-densho-1000-228,Sumie Suguro Akizuki,Sumie Suguro Akizuki Interview,"October 30, 2008","Seattle, Washington",Nisei,https://ddr.densho.org/ddr-densho-1000-228/,https://ddr.densho.org/api/0.2/ddr-densho-1000-228/,Sumie Suguro Akizuki Interview Segment 7 Transcript,https://ddr.densho.org/media/ddr-densho-1000/ddr-densho-1000-228-7-transcript-a2f2005bc5.htm
ddr-densho-1000-228,Sumie Suguro Akizuki,Sumie Suguro Akizuki Interview,"October 30, 2008","Seattle, Washington",Nisei,https://ddr.densho.org/ddr-densho-1000-228/,https://ddr.densho.org/api/0.2/ddr-densho-1000-228/,Sumie Suguro Akizuki Interview Segment 15 Transcript,https://ddr.densho.org/media/ddr-densho-1000/ddr-densho-1000-228-15-transcript-cc0dc4002a.htm
ddr-densho-1000-228,Sumie Suguro Akizuki,Sumie Suguro Akizuki Interview,"October 30, 2008","Seattle, Washington",Nisei,https://ddr.densho.org/ddr-densho-1000-228/,https://ddr.densho.org/api/0.2/ddr-densho-1000-228/,Sumie Suguro Akizuki Interview Segment 4 Transcript,https://ddr.densho.org/media/ddr-densho-1000/ddr-densho-1000-228-4-transcript-f599582f29.htm
ddr-densho-1000-228,Sumie Suguro Akizuki,Sumie Suguro Akizuki Interview,"October 30, 2008","Seattle, Washington",Nisei,https://ddr.densho.org/ddr-densho-1000-228/,https://ddr.densho.org/api/0.2/ddr-densho-1000-228/,Sumie Suguro Akizuki Interview Segment 1 Transcript,https://ddr.densho.org/media/ddr-densho-1000/ddr-densho-1000-228-1-transcript-f650ea5ec0.htm
ddr-densho-1000-228,Sumie Suguro Akizuki,Sumie Suguro Akizuki Interview,"October 30, 2008","Seattle, Washington",Nisei,https://ddr.densho.org/ddr-densho-1000-228/,https://ddr.densho.org/api/0.2/ddr-densho-1000-228/,Sumie Suguro Akizuki Interview Segment 9 Transcript,https://ddr.densho.org/media/ddr-densho-1000/ddr-densho-1000-228-9-transcript-f8cd5cbd49.htm
ddr-densho-1000-228,Sumie Suguro Akizuki,Sumie Suguro Akizuki Interview,"October 30, 2008","Seattle, Washington",Nisei,https://ddr.densho.org/ddr-densho-1000-228/,https://ddr.densho.org/api/0.2/ddr-densho-1000-228/,Sumie Suguro Akizuki Interview Glossary,https://ddr.densho.org/media/ddr-densho-1000/ddr-densho-1000-228-transcript-d5e9fb1ba9.htm
ddr-densho-1000-232,Kay Aiko Abe,Kay Aiko Abe Interview,"December 2, 2008","Seattle, Washington",Nisei,https://ddr.densho.org/ddr-densho-1000-232/,https://ddr.densho.org/api/0.2/ddr-densho-1000-232/,Kay Aiko Abe Interview Segment 2 Transcript,https://ddr.densho.org/media/ddr-densho-1000/ddr-densho-1000-232-2-transcript-0274ff03fe.htm
ddr-densho-1000-232,Kay Aiko Abe,Kay Aiko Abe Interview,"December 2, 2008","Seattle, Washington",Nisei,https://ddr.densho.org/ddr-densho-1000-232/,https://ddr.densho.org/api/0.2/ddr-densho-1000-232/,Kay Aiko Abe Interview Segment 8 Transcript,https://ddr.densho.org/media/ddr-densho-1000/ddr-densho-1000-232-8-transcript-08dc170451.htm
ddr-densho-1000-232,Kay Aiko Abe,Kay Aiko Abe Interview,"December 2, 2008","Seattle, Washington",Nisei,https://ddr.densho.org/ddr-densho-1000-232/,https://ddr.densho.org/api/0.2/ddr-densho-1000-232/,Kay Aiko Abe Interview Segment 3 Transcript,https://ddr.densho.org/media/ddr-densho-1000/ddr-densho-1000-232-3-transcript-1b461be484.htm
ddr-densho-1000-232,Kay Aiko Abe,Kay Aiko Abe Interview,"December 2, 2008","Seattle, Washington",Nisei,https://ddr.densho.org/ddr-densho-1000-232/,https://ddr.densho.org/api/0.2/ddr-densho-1000-232/,Kay Aiko Abe Interview Transcript,https://ddr.densho.org/media/ddr-densho-1000/ddr-densho-1000-232-transcript-1bf6341745.htm
ddr-densho-1000-232,Kay Aiko Abe,Kay Aiko Abe Interview,"December 2, 2008","Seattle, Washington",Nisei,https://ddr.densho.org/ddr-densho-1000-232/,https://ddr.densho.org/api/0.2/ddr-densho-1000-232/,Kay Aiko Abe Interview Segment 9 Transcript,https://ddr.densho.org/media/ddr-densho-1000/ddr-densho-1000-232-9-transcript-415be4ea42.htm
ddr-densho-1000-232,Kay Aiko Abe,Kay Aiko Abe Interview,"December 2, 2008","Seattle, Washington",Nisei,https://ddr.densho.org/ddr-densho-1000-232/,https://ddr.densho.org/api/0.2/ddr-densho-1000-232/,Kay Aiko Abe Interview Segment 6 Transcript,https://ddr.densho.org/media/ddr-densho-1000/ddr-densho-1000-232-6-transcript-555cb586cf.htm
ddr-densho-1000-232,Kay Aiko Abe,Kay Aiko Abe Interview,"December 2, 2008","Seattle, Washington",Nisei,https://ddr.densho.org/ddr-densho-1000-232/,https://ddr.densho.org/api/0.2/ddr-densho-1000-232/,Kay Aiko Abe Interview Segment 10 Transcript,https://ddr.densho.org/media/ddr-densho-1000/ddr-densho-1000-232-10-transcript-65212c3e7f.htm
ddr-densho-1000-232,Kay Aiko Abe,Kay Aiko Abe Interview,"December 2, 2008","Seattle, Washington",Nisei,https://ddr.densho.org/ddr-densho-1000-232/,https://ddr.densho.org/api/0.2/ddr-densho-1000-232/,Kay Aiko Abe Interview Segment 15 Transcript,https://ddr.densho.org/media/ddr-densho-1000/ddr-densho-1000-232-15-transcript-802a47b20b.htm
ddr-densho-1000-232,Kay Aiko Abe,Kay Aiko Abe Interview,"December 2, 2008","Seattle, Washington",Nisei,https://ddr.densho.org/ddr-densho-1000-232/,https://ddr.densho.org/api/0.2/ddr-densho-1000-232/,Kay Aiko Abe Interview Segment 1 Transcript,https://ddr.densho.org/media/ddr-densho-1000/ddr-densho-1000-232-1-transcript-82e427046a.htm
ddr-densho-1000-232,Kay Aiko Abe,Kay Aiko Abe Interview,"December 2, 2008","Seattle, Washington",Nisei,https://ddr.densho.org/ddr-densho-1000-232/,https://ddr.densho.org/api/0.2/ddr-densho-1000-232/,Kay Aiko Abe Interview Segment 11 Transcript,https://ddr.densho.org/media/ddr-densho-1000/ddr-densho-1000-232-11-transcript-9a922e282a.htm
ddr-densho-1000-232,Kay Aiko Abe,Kay Aiko Abe Interview,"December 2, 2008","Seattle, Washington",Nisei,https://ddr.densho.org/ddr-densho-1000-232/,https://ddr.densho.org/api/0.2/ddr-densho-1000-232/,Kay Aiko Abe Interview Segment 16 Transcript,https://ddr.densho.org/media/ddr-densho-1000/ddr-densho-1000-232-16-transcript-9bc2197df2.htm
ddr-densho-1000-232,Kay Aiko Abe,Kay Aiko Abe Interview,"December 2, 2008","Seattle, Washington",Nisei,https://ddr.densho.org/ddr-densho-1000-232/,https://ddr.densho.org/api/0.2/ddr-densho-1000-232/,Kay Aiko Abe Interview Segment 12 Transcript,https://ddr.densho.org/media/ddr-densho-1000/ddr-densho-1000-232-12-transcript-ac35546b83.htm
ddr-densho-1000-232,Kay Aiko Abe,Kay Aiko Abe Interview,"December 2, 2008","Seattle, Washington",Nisei,https://ddr.densho.org/ddr-densho-1000-232/,https://ddr.densho.org/api/0.2/ddr-densho-1000-232/,Kay Aiko Abe Interview Segment 5 Transcript,https://ddr.densho.org/media/ddr-densho-1000/ddr-densho-1000-232-5-transcript-afd1f32c45.htm
ddr-densho-1000-232,Kay Aiko Abe,Kay Aiko Abe Interview,"December 2, 2008","Seattle, Washington",Nisei,https://ddr.densho.org/ddr-densho-1000-232/,https://ddr.densho.org/api/0.2/ddr-densho-1000-232/,Kay Aiko Abe Interview Segment 18 Transcript,https://ddr.densho.org/media/ddr-densho-1000/ddr-densho-1000-232-18-transcript-b1d5384b66.htm
ddr-densho-1000-232,Kay Aiko Abe,Kay Aiko Abe Interview,"December 2, 2008","Seattle, Washington",Nisei,https://ddr.densho.org/ddr-densho-1000-232/,https://ddr.densho.org/api/0.2/ddr-densho-1000-232/,Kay Aiko Abe Interview Segment 17 Transcript,https://ddr.densho.org/media/ddr-densho-1000/ddr-densho-1000-232-17-transcript-cc46cd9fb6.htm
ddr-densho-1000-232,Kay Aiko Abe,Kay Aiko Abe Interview,"December 2, 2008","Seattle, Washington",Nisei,https://ddr.densho.org/ddr-densho-1000-232/,https://ddr.densho.org/api/0.2/ddr-densho-1000-232/,Kay Aiko Abe Interview Segment 4 Transcript,https://ddr.densho.org/media/ddr-densho-1000/ddr-densho-1000-232-4-transcript-dc7920d5f5.htm
ddr-densho-1000-232,Kay Aiko Abe,Kay Aiko Abe Interview,"December 2, 2008","Seattle, Washington",Nisei,https://ddr.densho.org/ddr-densho-1000-232/,https://ddr.densho.org/api/0.2/ddr-densho-1000-232/,Kay Aiko Abe Interview Segment 13 Transcript,https://ddr.densho.org/media/ddr-densho-1000/ddr-densho-1000-232-13-transcript-e7168f122e.htm
ddr-densho-1000-232,Kay Aiko Abe,Kay Aiko Abe Interview,"December 2, 2008","Seattle, Washington",Nisei,https://ddr.densho.org/ddr-densho-1000-232/,https://ddr.densho.org/api/0.2/ddr-densho-1000-232/,Kay Aiko Abe Interview Segment 14 Transcript,https://ddr.densho.org/media/ddr-densho-1000/ddr-densho-1000-232-14-transcript-e9cbc4107a.htm
ddr-densho-1000-232,Kay Aiko Abe,Kay Aiko Abe Interview,"December 2, 2008","Seattle, Washington",Nisei,https://ddr.densho.org/ddr-densho-1000-232/,https://ddr.densho.org/api/0.2/ddr-densho-1000-232/,Kay Aiko Abe Interview Segment 7 Transcript,https://ddr.densho.org/media/ddr-densho-1000/ddr-densho-1000-232-7-transcript-f86923b026.htm
ddr-densho-1000-232,Kay Aiko Abe,Kay Aiko Abe Interview,"December 2, 2008","Seattle, Washington",Nisei,https://ddr.densho.org/ddr-densho-1000-232/,https://ddr.densho.org/api/0.2/ddr-densho-1000-232/,Kay Aiko Abe Interview Glossary,https://ddr.densho.org/media/ddr-densho-1000/ddr-densho-1000-232-transcript-18a28396f3.htm
ddr-densho-1000-522,Douglas L. Aihara,Douglas L. Aihara Interview,9-Nov-22,"Los Angeles, California",Sansei,https://ddr.densho.org/ddr-densho-1000-522/,https://ddr.densho.org/api/0.2/ddr-densho-1000-522/,Douglas L. Aihara Interview Glossary,https://ddr.densho.org/media/ddr-densho-1000/ddr-densho-1000-522-transcript-05f3369de3.htm
ddr-densho-1000-522,Douglas L. Aihara,Douglas L. Aihara Interview,9-Nov-22,"Los Angeles, California",Sansei,https://ddr.densho.org/ddr-densho-1000-522/,https://ddr.densho.org/api/0.2/ddr-densho-1000-522/,Douglas L. Aihara Interview Segment 10 Transcript,https://ddr.densho.org/media/ddr-densho-1000/ddr-densho-1000-522-10-transcript-0d9752146c.htm
ddr-densho-1000-522,Douglas L. Aihara,Douglas L. Aihara Interview,9-Nov-22,"Los Angeles, California",Sansei,https://ddr.densho.org/ddr-densho-1000-522/,https://ddr.densho.org/api/0.2/ddr-densho-1000-522/,Douglas L. Aihara Interview Segment 6 Transcript,https://ddr.densho.org/media/ddr-densho-1000/ddr-densho-1000-522-6-transcript-14cf5c8585.htm
ddr-densho-1000-522,Douglas L. Aihara,Douglas L. Aihara Interview,9-Nov-22,"Los Angeles, California",Sansei,https://ddr.densho.org/ddr-densho-1000-522/,https://ddr.densho.org/api/0.2/ddr-densho-1000-522/,Douglas L. Aihara Interview Segment 22 Transcript,https://ddr.densho.org/media/ddr-densho-1000/ddr-densho-1000-522-22-transcript-1bd1693ca2.htm
ddr-densho-1000-522,Douglas L. Aihara,Douglas L. Aihara Interview,9-Nov-22,"Los Angeles, California",Sansei,https://ddr.densho.org/ddr-densho-1000-522/,https://ddr.densho.org/api/0.2/ddr-densho-1000-522/,Douglas L. Aihara Interview Segment 14 Transcript,https://ddr.densho.org/media/ddr-densho-1000/ddr-densho-1000-522-14-transcript-20b43ac520.htm
ddr-densho-1000-522,Douglas L. Aihara,Douglas L. Aihara Interview,9-Nov-22,"Los Angeles, California",Sansei,https://ddr.densho.org/ddr-densho-1000-522/,https://ddr.densho.org/api/0.2/ddr-densho-1000-522/,Douglas L. Aihara Interview Segment 9 Transcript,https://ddr.densho.org/media/ddr-densho-1000/ddr-densho-1000-522-9-transcript-227adcae5e.htm
ddr-densho-1000-522,Douglas L. Aihara,Douglas L. Aihara Interview,9-Nov-22,"Los Angeles, California",Sansei,https://ddr.densho.org/ddr-densho-1000-522/,https://ddr.densho.org/api/0.2/ddr-densho-1000-522/,Douglas L. Aihara Interview Segment 1 Transcript,https://ddr.densho.org/media/ddr-densho-1000/ddr-densho-1000-522-1-transcript-2b3e276c51.htm
ddr-densho-1000-522,Douglas L. Aihara,Douglas L. Aihara Interview,9-Nov-22,"Los Angeles, California",Sansei,https://ddr.densho.org/ddr-densho-1000-522/,https://ddr.densho.org/api/0.2/ddr-densho-1000-522/,Douglas L. Aihara Interview Segment 21 Transcript,https://ddr.densho.org/media/ddr-densho-1000/ddr-densho-1000-522-21-transcript-2c4295cd8f.htm
ddr-densho-1000-522,Douglas L. Aihara,Douglas L. Aihara Interview,9-Nov-22,"Los Angeles, California",Sansei,https://ddr.densho.org/ddr-densho-1000-522/,https://ddr.densho.org/api/0.2/ddr-densho-1000-522/,Douglas L. Aihara Interview Segment 17 Transcript,https://ddr.densho.org/media/ddr-densho-1000/ddr-densho-1000-522-17-transcript-2fcad24b4b.htm
ddr-densho-1000-522,Douglas L. Aihara,Douglas L. Aihara Interview,9-Nov-22,"Los Angeles, California",Sansei,https://ddr.densho.org/ddr-densho-1000-522/,https://ddr.densho.org/api/0.2/ddr-densho-1000-522/,Douglas L. Aihara Interview Segment 12 Transcript,https://ddr.densho.org/media/ddr-densho-1000/ddr-densho-1000-522-12-transcript-3935bca666.htm
ddr-densho-1000-522,Douglas L. Aihara,Douglas L. Aihara Interview,9-Nov-22,"Los Angeles, California",Sansei,https://ddr.densho.org/ddr-densho-1000-522/,https://ddr.densho.org/api/0.2/ddr-densho-1000-522/,Douglas L. Aihara Interview Segment 20 Transcript,https://ddr.densho.org/media/ddr-densho-1000/ddr-densho-1000-522-20-transcript-3dcfd5b5ec.htm
ddr-densho-1000-522,Douglas L. Aihara,Douglas L. Aihara Interview,9-Nov-22,"Los Angeles, California",Sansei,https://ddr.densho.org/ddr-densho-1000-522/,https://ddr.densho.org/api/0.2/ddr-densho-1000-522/,Douglas L. Aihara Interview Segment 3 Transcript,https://ddr.densho.org/media/ddr-densho-1000/ddr-densho-1000-522-3-transcript-4429196fbf.htm
ddr-densho-1000-522,Douglas L. Aihara,Douglas L. Aihara Interview,9-Nov-22,"Los Angeles, California",Sansei,https://ddr.densho.org/ddr-densho-1000-522/,https://ddr.densho.org/api/0.2/ddr-densho-1000-522/,Douglas L. Aihara Interview Segment 4 Transcript,https://ddr.densho.org/media/ddr-densho-1000/ddr-densho-1000-522-4-transcript-44ed7bddbf.htm
ddr-densho-1000-522,Douglas L. Aihara,Douglas L. Aihara Interview,9-Nov-22,"Los Angeles, California",Sansei,https://ddr.densho.org/ddr-densho-1000-522/,https://ddr.densho.org/api/0.2/ddr-densho-1000-522/,Douglas L. Aihara Interview Transcript,https://ddr.densho.org/media/ddr-densho-1000/ddr-densho-1000-522-transcript-48c635502f.htm
ddr-densho-1000-522,Douglas L. Aihara,Douglas L. Aihara Interview,9-Nov-22,"Los Angeles, California",Sansei,https://ddr.densho.org/ddr-densho-1000-522/,https://ddr.densho.org/api/0.2/ddr-densho-1000-522/,Douglas L. Aihara Interview Segment 23 Transcript,https://ddr.densho.org/media/ddr-densho-1000/ddr-densho-1000-522-23-transcript-56423bb2a8.htm
ddr-densho-1000-522,Douglas L. Aihara,Douglas L. Aihara Interview,9-Nov-22,"Los Angeles, California",Sansei,https://ddr.densho.org/ddr-densho-1000-522/,https://ddr.densho.org/api/0.2/ddr-densho-1000-522/,Douglas L. Aihara Interview Segment 24 Transcript,https://ddr.densho.org/media/ddr-densho-1000/ddr-densho-1000-522-24-transcript-577c46f3aa.htm
ddr-densho-1000-522,Douglas L. Aihara,Douglas L. Aihara Interview,9-Nov-22,"Los Angeles, California",Sansei,https://ddr.densho.org/ddr-densho-1000-522/,https://ddr.densho.org/api/0.2/ddr-densho-1000-522/,Douglas L. Aihara Interview Segment 18 Transcript,https://ddr.densho.org/media/ddr-densho-1000/ddr-densho-1000-522-18-transcript-60bae8c795.htm
ddr-densho-1000-522,Douglas L. Aihara,Douglas L. Aihara Interview,9-Nov-22,"Los Angeles, California",Sansei,https://ddr.densho.org/ddr-densho-1000-522/,https://ddr.densho.org/api/0.2/ddr-densho-1000-522/,Douglas L. Aihara Interview Segment 8 Transcript,https://ddr.densho.org/media/ddr-densho-1000/ddr-densho-1000-522-8-transcript-6207f25f36.htm
ddr-densho-1000-522,Douglas L. Aihara,Douglas L. Aihara Interview,9-Nov-22,"Los Angeles, California",Sansei,https://ddr.densho.org/ddr-densho-1000-522/,https://ddr.densho.org/api/0.2/ddr-densho-1000-522/,Douglas L. Aihara Interview Segment 2 Transcript,https://ddr.densho.org/media/ddr-densho-1000/ddr-densho-1000-522-2-transcript-6a9ad88901.htm
ddr-densho-1000-522,Douglas L. Aihara,Douglas L. Aihara Interview,9-Nov-22,"Los Angeles, California",Sansei,https://ddr.densho.org/ddr-densho-1000-522/,https://ddr.densho.org/api/0.2/ddr-densho-1000-522/,Douglas L. Aihara Interview Segment 15 Transcript,https://ddr.densho.org/media/ddr-densho-1000/ddr-densho-1000-522-15-transcript-88053d215c.htm
ddr-densho-1000-522,Douglas L. Aihara,Douglas L. Aihara Interview,9-Nov-22,"Los Angeles, California",Sansei,https://ddr.densho.org/ddr-densho-1000-522/,https://ddr.densho.org/api/0.2/ddr-densho-1000-522/,Douglas L. Aihara Interview Segment 11 Transcript,https://ddr.densho.org/media/ddr-densho-1000/ddr-densho-1000-522-11-transcript-a045d8ae20.htm
ddr-densho-1000-522,Douglas L. Aihara,Douglas L. Aihara Interview,9-Nov-22,"Los Angeles, California",Sansei,https://ddr.densho.org/ddr-densho-1000-522/,https://ddr.densho.org/api/0.2/ddr-densho-1000-522/,Douglas L. Aihara Interview Segment 13 Transcript,https://ddr.densho.org/media/ddr-densho-1000/ddr-densho-1000-522-13-transcript-a512dcb321.htm
ddr-densho-1000-522,Douglas L. Aihara,Douglas L. Aihara Interview,9-Nov-22,"Los Angeles, California",Sansei,https://ddr.densho.org/ddr-densho-1000-522/,https://ddr.densho.org/api/0.2/ddr-densho-1000-522/,Douglas L. Aihara Interview Segment 19 Transcript,https://ddr.densho.org/media/ddr-densho-1000/ddr-densho-1000-522-19-transcript-ba6e347b3b.htm
ddr-densho-1000-522,Douglas L. Aihara,Douglas L. Aihara Interview,9-Nov-22,"Los Angeles, California",Sansei,https://ddr.densho.org/ddr-densho-1000-522/,https://ddr.densho.org/api/0.2/ddr-densho-1000-522/,Douglas L. Aihara Interview Segment 5 Transcript,https://ddr.densho.org/media/ddr-densho-1000/ddr-densho-1000-522-5-transcript-ba8eb545bd.htm
ddr-densho-1000-522,Douglas L. Aihara,Douglas L. Aihara Interview,9-Nov-22,"Los Angeles, California",Sansei,https://ddr.densho.org/ddr-densho-1000-522/,https://ddr.densho.org/api/0.2/ddr-densho-1000-522/,Douglas L. Aihara Interview Segment 7 Transcript,https://ddr.densho.org/media/ddr-densho-1000/ddr-densho-1000-522-7-transcript-c95b6eabdc.htm
ddr-densho-1000-522,Douglas L. Aihara,Douglas L. Aihara Interview,9-Nov-22,"Los Angeles, California",Sansei,https://ddr.densho.org/ddr-densho-1000-522/,https://ddr.densho.org/api/0.2/ddr-densho-1000-522/,Douglas L. Aihara Interview Segment 16 Transcript,https://ddr.densho.org/media/ddr-densho-1000/ddr-densho-1000-522-16-transcript-ced36bb49c.htm
ddr-densho-1004-12,Harry Akune,Harry Akune Interview,"December 13, 2000","Los Angeles, California",Nisei,https://ddr.densho.org/ddr-densho-1004-12/,https://ddr.densho.org/api/0.2/ddr-densho-1004-12/,Harry Akune Interview Transcript,https://ddr.densho.org/media/ddr-densho-1004/ddr-densho-1004-12-transcript-0c35fc6ca4.htm
ddr-densho-1004-12,Harry Akune,Harry Akune Interview,"December 13, 2000","Los Angeles, California",Nisei,https://ddr.densho.org/ddr-densho-1004-12/,https://ddr.densho.org/api/0.2/ddr-densho-1004-12/,Harry Akune Interview Segment 6 Transcript,https://ddr.densho.org/media/ddr-densho-1004/ddr-densho-1004-12-6-transcript-461f8215dc.htm
ddr-densho-1004-12,Harry Akune,Harry Akune Interview,"December 13, 2000","Los Angeles, California",Nisei,https://ddr.densho.org/ddr-densho-1004-12/,https://ddr.densho.org/api/0.2/ddr-densho-1004-12/,Harry Akune Interview Segment 2 Transcript,https://ddr.densho.org/media/ddr-densho-1004/ddr-densho-1004-12-2-transcript-49ac7e8202.htm
ddr-densho-1004-12,Harry Akune,Harry Akune Interview,"December 13, 2000","Los Angeles, California",Nisei,https://ddr.densho.org/ddr-densho-1004-12/,https://ddr.densho.org/api/0.2/ddr-densho-1004-12/,Harry Akune Interview Segment 5 Transcript,https://ddr.densho.org/media/ddr-densho-1004/ddr-densho-1004-12-5-transcript-8c9c610c53.htm
ddr-densho-1004-12,Harry Akune,Harry Akune Interview,"December 13, 2000","Los Angeles, California",Nisei,https://ddr.densho.org/ddr-densho-1004-12/,https://ddr.densho.org/api/0.2/ddr-densho-1004-12/,Harry Akune Interview Segment 3 Transcript,https://ddr.densho.org/media/ddr-densho-1004/ddr-densho-1004-12-3-transcript-b03f317dcb.htm
ddr-densho-1004-12,Harry Akune,Harry Akune Interview,"December 13, 2000","Los Angeles, California",Nisei,https://ddr.densho.org/ddr-densho-1004-12/,https://ddr.densho.org/api/0.2/ddr-densho-1004-12/,Harry Akune Interview Segment 4 Transcript,https://ddr.densho.org/media/ddr-densho-1004/ddr-densho-1004-12-4-transcript-eb20065984.htm
ddr-densho-1004-12,Harry Akune,Harry Akune Interview,"December 13, 2000","Los Angeles, California",Nisei,https://ddr.densho.org/ddr-densho-1004-12/,https://ddr.densho.org/api/0.2/ddr-densho-1004-12/,Harry Akune Interview Segment 1 Transcript,https://ddr.densho.org/media/ddr-densho-1004/ddr-densho-1004-12-1-transcript-f95250b7b2.htm
ddr-densho-1004-12,Harry Akune,Harry Akune Interview,"December 13, 2000","Los Angeles, California",Nisei,https://ddr.densho.org/ddr-densho-1004-12/,https://ddr.densho.org/api/0.2/ddr-densho-1004-12/,Harry Akune Interview Glossary,https://ddr.densho.org/media/ddr-densho-1004/ddr-densho-1004-12-transcript-77d48706c0.htm
ddr-densho-1004-13,Kenjiro Akune,Kenjiro Akune Interview,"December 13, 2000","Los Angeles, California",Nisei,https://ddr.densho.org/ddr-densho-1004-13/,https://ddr.densho.org/api/0.2/ddr-densho-1004-13/,Kenjiro Akune Interview Segment 2 Transcript,https://ddr.densho.org/media/ddr-densho-1004/ddr-densho-1004-13-2-transcript-27cb01013f.htm
ddr-densho-1004-13,Kenjiro Akune,Kenjiro Akune Interview,"December 13, 2000","Los Angeles, California",Nisei,https://ddr.densho.org/ddr-densho-1004-13/,https://ddr.densho.org/api/0.2/ddr-densho-1004-13/,Kenjiro Akune Interview Segment 6 Transcript,https://ddr.densho.org/media/ddr-densho-1004/ddr-densho-1004-13-6-transcript-35eedf93c7.htm
ddr-densho-1004-13,Kenjiro Akune,Kenjiro Akune Interview,"December 13, 2000","Los Angeles, California",Nisei,https://ddr.densho.org/ddr-densho-1004-13/,https://ddr.densho.org/api/0.2/ddr-densho-1004-13/,Kenjiro Akune Interview Segment 1 Transcript,https://ddr.densho.org/media/ddr-densho-1004/ddr-densho-1004-13-1-transcript-58c9f2d04e.htm
ddr-densho-1004-13,Kenjiro Akune,Kenjiro Akune Interview,"December 13, 2000","Los Angeles, California",Nisei,https://ddr.densho.org/ddr-densho-1004-13/,https://ddr.densho.org/api/0.2/ddr-densho-1004-13/,Kenjiro Akune Interview Segment 5 Transcript,https://ddr.densho.org/media/ddr-densho-1004/ddr-densho-1004-13-5-transcript-71dcb3ca00.htm
ddr-densho-1004-13,Kenjiro Akune,Kenjiro Akune Interview,"December 13, 2000","Los Angeles, California",Nisei,https://ddr.densho.org/ddr-densho-1004-13/,https://ddr.densho.org/api/0.2/ddr-densho-1004-13/,Kenjiro Akune Interview Segment 3 Transcript,https://ddr.densho.org/media/ddr-densho-1004/ddr-densho-1004-13-3-transcript-a092ebe5f2.htm
ddr-densho-1004-13,Kenjiro Akune,Kenjiro Akune Interview,"December 13, 2000","Los Angeles, California",Nisei,https://ddr.densho.org/ddr-densho-1004-13/,https://ddr.densho.org/api/0.2/ddr-densho-1004-13/,Kenjiro Akune Interview Transcript,https://ddr.densho.org/media/ddr-densho-1004/ddr-densho-1004-13-transcript-a3679e7cf1.htm
ddr-densho-1004-13,Kenjiro Akune,Kenjiro Akune Interview,"December 13, 2000","Los Angeles, California",Nisei,https://ddr.densho.org/ddr-densho-1004-13/,https://ddr.densho.org/api/0.2/ddr-densho-1004-13/,Kenjiro Akune Interview Segment 7 Transcript,https://ddr.densho.org/media/ddr-densho-1004/ddr-densho-1004-13-7-transcript-ba067fe6f2.htm
ddr-densho-1004-13,Kenjiro Akune,Kenjiro Akune Interview,"December 13, 2000","Los Angeles, California",Nisei,https://ddr.densho.org/ddr-densho-1004-13/,https://ddr.densho.org/api/0.2/ddr-densho-1004-13/,Kenjiro Akune Interview Segment 4 Transcript,https://ddr.densho.org/media/ddr-densho-1004/ddr-densho-1004-13-4-transcript-ef382f44fa.htm
ddr-densho-1004-13,Kenjiro Akune,Kenjiro Akune Interview,"December 13, 2000","Los Angeles, California",Nisei,https://ddr.densho.org/ddr-densho-1004-13/,https://ddr.densho.org/api/0.2/ddr-densho-1004-13/,Kenjiro Akune Interview Glossary,https://ddr.densho.org/media/ddr-densho-1004/ddr-densho-1004-13-transcript-4c7cc6cfe6.htm
ddr-densho-1004-14,Harry Akune,Harry Akune - Kenjiro Akune Interview,"December 13, 2000","Los Angeles, California",Nisei,https://ddr.densho.org/ddr-densho-1004-14/,https://ddr.densho.org/api/0.2/ddr-densho-1004-14/,Harry Akune - Kenjiro Akune Interview Segment 5 Transcript,https://ddr.densho.org/media/ddr-densho-1004/ddr-densho-1004-14-5-transcript-0131c52f62.htm
ddr-densho-1004-14,Harry Akune,Harry Akune - Kenjiro Akune Interview,"December 13, 2000","Los Angeles, California",Nisei,https://ddr.densho.org/ddr-densho-1004-14/,https://ddr.densho.org/api/0.2/ddr-densho-1004-14/,Harry Akune - Kenjiro Akune Interview Segment 8 Transcript,https://ddr.densho.org/media/ddr-densho-1004/ddr-densho-1004-14-8-transcript-2e04f75c3b.htm
ddr-densho-1004-14,Harry Akune,Harry Akune - Kenjiro Akune Interview,"December 13, 2000","Los Angeles, California",Nisei,https://ddr.densho.org/ddr-densho-1004-14/,https://ddr.densho.org/api/0.2/ddr-densho-1004-14/,Harry Akune - Kenjiro Akune Interview Segment 3 Transcript,https://ddr.densho.org/media/ddr-densho-1004/ddr-densho-1004-14-3-transcript-5e51fc8b03.htm
ddr-densho-1004-14,Harry Akune,Harry Akune - Kenjiro Akune Interview,"December 13, 2000","Los Angeles, California",Nisei,https://ddr.densho.org/ddr-densho-1004-14/,https://ddr.densho.org/api/0.2/ddr-densho-1004-14/,Harry Akune - Kenjiro Akune Interview Transcript,https://ddr.densho.org/media/ddr-densho-1004/ddr-densho-1004-14-transcript-616675575e.htm
ddr-densho-1004-14,Harry Akune,Harry Akune - Kenjiro Akune Interview,"December 13, 2000","Los Angeles, California",Nisei,https://ddr.densho.org/ddr-densho-1004-14/,https://ddr.densho.org/api/0.2/ddr-densho-1004-14/,Harry Akune - Kenjiro Akune Interview Segment 4 Transcript,https://ddr.densho.org/media/ddr-densho-1004/ddr-densho-1004-14-4-transcript-7ee1a48522.htm
ddr-densho-1004-14,Harry Akune,Harry Akune - Kenjiro Akune Interview,"December 13, 2000","Los Angeles, California",Nisei,https://ddr.densho.org/ddr-densho-1004-14/,https://ddr.densho.org/api/0.2/ddr-densho-1004-14/,Harry Akune - Kenjiro Akune Interview Segment 6 Transcript,https://ddr.densho.org/media/ddr-densho-1004/ddr-densho-1004-14-6-transcript-bc58100885.htm
ddr-densho-1004-14,Harry Akune,Harry Akune - Kenjiro Akune Interview,"December 13, 2000","Los Angeles, California",Nisei,https://ddr.densho.org/ddr-densho-1004-14/,https://ddr.densho.org/api/0.2/ddr-densho-1004-14/,Harry Akune - Kenjiro Akune Interview Segment 1 Transcript,https://ddr.densho.org/media/ddr-densho-1004/ddr-densho-1004-14-1-transcript-db91f4a8a7.htm
ddr-densho-1004-14,Harry Akune,Harry Akune - Kenjiro Akune Interview,"December 13, 2000","Los Angeles, California",Nisei,https://ddr.densho.org/ddr-densho-1004-14/,https://ddr.densho.org/api/0.2/ddr-densho-1004-14/,Harry Akune - Kenjiro Akune Interview Segment 2 Transcript,https://ddr.densho.org/media/ddr-densho-1004/ddr-densho-1004-14-2-transcript-dd9e376254.htm
ddr-densho-1004-14,Harry Akune,Harry Akune - Kenjiro Akune Interview,"December 13, 2000","Los Angeles, California",Nisei,https://ddr.densho.org/ddr-densho-1004-14/,https://ddr.densho.org/api/0.2/ddr-densho-1004-14/,Harry Akune - Kenjiro Akune Interview Segment 7 Transcript,https://ddr.densho.org/media/ddr-densho-1004/ddr-densho-1004-14-7-transcript-fcd2040dde.htm
ddr-densho-1004-14,Harry Akune,Harry Akune - Kenjiro Akune Interview,"December 13, 2000","Los Angeles, California",Nisei,https://ddr.densho.org/ddr-densho-1004-14/,https://ddr.densho.org/api/0.2/ddr-densho-1004-14/,Harry Akune - Kenjiro Akune Interview Glossary,https://ddr.densho.org/media/ddr-densho-1004/ddr-densho-1004-14-transcript-63395b9e55.htm
ddr-densho-1013-2,Nelson Takeo Akagi,Nelson Takeo Akagi Interview,"June 3, 2008","Salt Lake City, Utah",Nisei,https://ddr.densho.org/ddr-densho-1013-2/,https://ddr.densho.org/api/0.2/ddr-densho-1013-2/,Nelson Takeo Akagi Interview Segment 22 Transcript,https://ddr.densho.org/media/ddr-densho-1013/ddr-densho-1013-2-22-transcript-055330b815.htm
ddr-densho-1013-2,Nelson Takeo Akagi,Nelson Takeo Akagi Interview,"June 3, 2008","Salt Lake City, Utah",Nisei,https://ddr.densho.org/ddr-densho-1013-2/,https://ddr.densho.org/api/0.2/ddr-densho-1013-2/,Nelson Takeo Akagi Interview Segment 6 Transcript,https://ddr.densho.org/media/ddr-densho-1013/ddr-densho-1013-2-6-transcript-0981bc6278.htm
ddr-densho-1013-2,Nelson Takeo Akagi,Nelson Takeo Akagi Interview,"June 3, 2008","Salt Lake City, Utah",Nisei,https://ddr.densho.org/ddr-densho-1013-2/,https://ddr.densho.org/api/0.2/ddr-densho-1013-2/,Nelson Takeo Akagi Interview Segment 13 Transcript,https://ddr.densho.org/media/ddr-densho-1013/ddr-densho-1013-2-13-transcript-1b35a86ffb.htm
ddr-densho-1013-2,Nelson Takeo Akagi,Nelson Takeo Akagi Interview,"June 3, 2008","Salt Lake City, Utah",Nisei,https://ddr.densho.org/ddr-densho-1013-2/,https://ddr.densho.org/api/0.2/ddr-densho-1013-2/,Nelson Takeo Akagi Interview Segment 14 Transcript,https://ddr.densho.org/media/ddr-densho-1013/ddr-densho-1013-2-14-transcript-1f2f657f5a.htm
ddr-densho-1013-2,Nelson Takeo Akagi,Nelson Takeo Akagi Interview,"June 3, 2008","Salt Lake City, Utah",Nisei,https://ddr.densho.org/ddr-densho-1013-2/,https://ddr.densho.org/api/0.2/ddr-densho-1013-2/,Nelson Takeo Akagi Interview Segment 17 Transcript,https://ddr.densho.org/media/ddr-densho-1013/ddr-densho-1013-2-17-transcript-2b3c79b6fc.htm
ddr-densho-1013-2,Nelson Takeo Akagi,Nelson Takeo Akagi Interview,"June 3, 2008","Salt Lake City, Utah",Nisei,https://ddr.densho.org/ddr-densho-1013-2/,https://ddr.densho.org/api/0.2/ddr-densho-1013-2/,Nelson Takeo Akagi Interview Segment 1 Transcript,https://ddr.densho.org/media/ddr-densho-1013/ddr-densho-1013-2-1-transcript-2cbcbc52ff.htm
ddr-densho-1013-2,Nelson Takeo Akagi,Nelson Takeo Akagi Interview,"June 3, 2008","Salt Lake City, Utah",Nisei,https://ddr.densho.org/ddr-densho-1013-2/,https://ddr.densho.org/api/0.2/ddr-densho-1013-2/,Nelson Takeo Akagi Interview Segment 10 Transcript,https://ddr.densho.org/media/ddr-densho-1013/ddr-densho-1013-2-10-transcript-3cc0738ab4.htm
ddr-densho-1013-2,Nelson Takeo Akagi,Nelson Takeo Akagi Interview,"June 3, 2008","Salt Lake City, Utah",Nisei,https://ddr.densho.org/ddr-densho-1013-2/,https://ddr.densho.org/api/0.2/ddr-densho-1013-2/,Nelson Takeo Akagi Interview Segment 7 Transcript,https://ddr.densho.org/media/ddr-densho-1013/ddr-densho-1013-2-7-transcript-4a06225411.htm
ddr-densho-1013-2,Nelson Takeo Akagi,Nelson Takeo Akagi Interview,"June 3, 2008","Salt Lake City, Utah",Nisei,https://ddr.densho.org/ddr-densho-1013-2/,https://ddr.densho.org/api/0.2/ddr-densho-1013-2/,Nelson Takeo Akagi Interview Segment 21 Transcript,https://ddr.densho.org/media/ddr-densho-1013/ddr-densho-1013-2-21-transcript-55b78db22d.htm
ddr-densho-1013-2,Nelson Takeo Akagi,Nelson Takeo Akagi Interview,"June 3, 2008","Salt Lake City, Utah",Nisei,https://ddr.densho.org/ddr-densho-1013-2/,https://ddr.densho.org/api/0.2/ddr-densho-1013-2/,Nelson Takeo Akagi Interview Segment 12 Transcript,https://ddr.densho.org/media/ddr-densho-1013/ddr-densho-1013-2-12-transcript-59a1355bab.htm
ddr-densho-1013-2,Nelson Takeo Akagi,Nelson Takeo Akagi Interview,"June 3, 2008","Salt Lake City, Utah",Nisei,https://ddr.densho.org/ddr-densho-1013-2/,https://ddr.densho.org/api/0.2/ddr-densho-1013-2/,Nelson Takeo Akagi Interview Segment 8 Transcript,https://ddr.densho.org/media/ddr-densho-1013/ddr-densho-1013-2-8-transcript-633f316da8.htm
ddr-densho-1013-2,Nelson Takeo Akagi,Nelson Takeo Akagi Interview,"June 3, 2008","Salt Lake City, Utah",Nisei,https://ddr.densho.org/ddr-densho-1013-2/,https://ddr.densho.org/api/0.2/ddr-densho-1013-2/,Nelson Takeo Akagi Interview Segment 11 Transcript,https://ddr.densho.org/media/ddr-densho-1013/ddr-densho-1013-2-11-transcript-63e72f5776.htm
ddr-densho-1013-2,Nelson Takeo Akagi,Nelson Takeo Akagi Interview,"June 3, 2008","Salt Lake City, Utah",Nisei,https://ddr.densho.org/ddr-densho-1013-2/,https://ddr.densho.org/api/0.2/ddr-densho-1013-2/,Nelson Takeo Akagi Interview Segment 25 Transcript,https://ddr.densho.org/media/ddr-densho-1013/ddr-densho-1013-2-25-transcript-6438d7d36c.htm
ddr-densho-1013-2,Nelson Takeo Akagi,Nelson Takeo Akagi Interview,"June 3, 2008","Salt Lake City, Utah",Nisei,https://ddr.densho.org/ddr-densho-1013-2/,https://ddr.densho.org/api/0.2/ddr-densho-1013-2/,Nelson Takeo Akagi Interview Segment 16 Transcript,https://ddr.densho.org/media/ddr-densho-1013/ddr-densho-1013-2-16-transcript-67ba02b82a.htm
ddr-densho-1013-2,Nelson Takeo Akagi,Nelson Takeo Akagi Interview,"June 3, 2008","Salt Lake City, Utah",Nisei,https://ddr.densho.org/ddr-densho-1013-2/,https://ddr.densho.org/api/0.2/ddr-densho-1013-2/,Nelson Takeo Akagi Interview Segment 9 Transcript,https://ddr.densho.org/media/ddr-densho-1013/ddr-densho-1013-2-9-transcript-6d1122fe63.htm
ddr-densho-1013-2,Nelson Takeo Akagi,Nelson Takeo Akagi Interview,"June 3, 2008","Salt Lake City, Utah",Nisei,https://ddr.densho.org/ddr-densho-1013-2/,https://ddr.densho.org/api/0.2/ddr-densho-1013-2/,Nelson Takeo Akagi Interview Segment 4 Transcript,https://ddr.densho.org/media/ddr-densho-1013/ddr-densho-1013-2-4-transcript-79816dbc08.htm
ddr-densho-1013-2,Nelson Takeo Akagi,Nelson Takeo Akagi Interview,"June 3, 2008","Salt Lake City, Utah",Nisei,https://ddr.densho.org/ddr-densho-1013-2/,https://ddr.densho.org/api/0.2/ddr-densho-1013-2/,Nelson Takeo Akagi Interview Transcript,https://ddr.densho.org/media/ddr-densho-1013/ddr-densho-1013-2-transcript-7e95fd2786.htm
ddr-densho-1013-2,Nelson Takeo Akagi,Nelson Takeo Akagi Interview,"June 3, 2008","Salt Lake City, Utah",Nisei,https://ddr.densho.org/ddr-densho-1013-2/,https://ddr.densho.org/api/0.2/ddr-densho-1013-2/,Nelson Takeo Akagi Interview Segment 5 Transcript,https://ddr.densho.org/media/ddr-densho-1013/ddr-densho-1013-2-5-transcript-85568a06c2.htm
ddr-densho-1013-2,Nelson Takeo Akagi,Nelson Takeo Akagi Interview,"June 3, 2008","Salt Lake City, Utah",Nisei,https://ddr.densho.org/ddr-densho-1013-2/,https://ddr.densho.org/api/0.2/ddr-densho-1013-2/,Nelson Takeo Akagi Interview Segment 20 Transcript,https://ddr.densho.org/media/ddr-densho-1013/ddr-densho-1013-2-20-transcript-9f76407872.htm
ddr-densho-1013-2,Nelson Takeo Akagi,Nelson Takeo Akagi Interview,"June 3, 2008","Salt Lake City, Utah",Nisei,https://ddr.densho.org/ddr-densho-1013-2/,https://ddr.densho.org/api/0.2/ddr-densho-1013-2/,Nelson Takeo Akagi Interview Segment 3 Transcript,https://ddr.densho.org/media/ddr-densho-1013/ddr-densho-1013-2-3-transcript-a174df4871.htm
ddr-densho-1013-2,Nelson Takeo Akagi,Nelson Takeo Akagi Interview,"June 3, 2008","Salt Lake City, Utah",Nisei,https://ddr.densho.org/ddr-densho-1013-2/,https://ddr.densho.org/api/0.2/ddr-densho-1013-2/,Nelson Takeo Akagi Interview Segment 23 Transcript,https://ddr.densho.org/media/ddr-densho-1013/ddr-densho-1013-2-23-transcript-a282382e5f.htm
ddr-densho-1013-2,Nelson Takeo Akagi,Nelson Takeo Akagi Interview,"June 3, 2008","Salt Lake City, Utah",Nisei,https://ddr.densho.org/ddr-densho-1013-2/,https://ddr.densho.org/api/0.2/ddr-densho-1013-2/,Nelson Takeo Akagi Interview Segment 15 Transcript,https://ddr.densho.org/media/ddr-densho-1013/ddr-densho-1013-2-15-transcript-b5851a1b31.htm
ddr-densho-1013-2,Nelson Takeo Akagi,Nelson Takeo Akagi Interview,"June 3, 2008","Salt Lake City, Utah",Nisei,https://ddr.densho.org/ddr-densho-1013-2/,https://ddr.densho.org/api/0.2/ddr-densho-1013-2/,Nelson Takeo Akagi Interview Segment 24 Transcript,https://ddr.densho.org/media/ddr-densho-1013/ddr-densho-1013-2-24-transcript-b7c5022b53.htm
ddr-densho-1013-2,Nelson Takeo Akagi,Nelson Takeo Akagi Interview,"June 3, 2008","Salt Lake City, Utah",Nisei,https://ddr.densho.org/ddr-densho-1013-2/,https://ddr.densho.org/api/0.2/ddr-densho-1013-2/,Nelson Takeo Akagi Interview Segment 27 Transcript,https://ddr.densho.org/media/ddr-densho-1013/ddr-densho-1013-2-27-transcript-bc7de4914c.htm
ddr-densho-1013-2,Nelson Takeo Akagi,Nelson Takeo Akagi Interview,"June 3, 2008","Salt Lake City, Utah",Nisei,https://ddr.densho.org/ddr-densho-1013-2/,https://ddr.densho.org/api/0.2/ddr-densho-1013-2/,Nelson Takeo Akagi Interview Segment 18 Transcript,https://ddr.densho.org/media/ddr-densho-1013/ddr-densho-1013-2-18-transcript-bce19a3cca.htm
ddr-densho-1013-2,Nelson Takeo Akagi,Nelson Takeo Akagi Interview,"June 3, 2008","Salt Lake City, Utah",Nisei,https://ddr.densho.org/ddr-densho-1013-2/,https://ddr.densho.org/api/0.2/ddr-densho-1013-2/,Nelson Takeo Akagi Interview Segment 2 Transcript,https://ddr.densho.org/media/ddr-densho-1013/ddr-densho-1013-2-2-transcript-c6487429b5.htm
ddr-densho-1013-2,Nelson Takeo Akagi,Nelson Takeo Akagi Interview,"June 3, 2008","Salt Lake City, Utah",Nisei,https://ddr.densho.org/ddr-densho-1013-2/,https://ddr.densho.org/api/0.2/ddr-densho-1013-2/,Nelson Takeo Akagi Interview Segment 19 Transcript,https://ddr.densho.org/media/ddr-densho-1013/ddr-densho-1013-2-19-transcript-e02cfc37a6.htm
ddr-densho-1013-2,Nelson Takeo Akagi,Nelson Takeo Akagi Interview,"June 3, 2008","Salt Lake City, Utah",Nisei,https://ddr.densho.org/ddr-densho-1013-2/,https://ddr.densho.org/api/0.2/ddr-densho-1013-2/,Nelson Takeo Akagi Interview Segment 26 Transcript,https://ddr.densho.org/media/ddr-densho-1013/ddr-densho-1013-2-26-transcript-ecf4f6c0b6.htm
ddr-densho-1013-2,Nelson Takeo Akagi,Nelson Takeo Akagi Interview,"June 3, 2008","Salt Lake City, Utah",Nisei,https://ddr.densho.org/ddr-densho-1013-2/,https://ddr.densho.org/api/0.2/ddr-densho-1013-2/,Nelson Takeo Akagi Interview Glossary,https://ddr.densho.org/media/ddr-densho-1013/ddr-densho-1013-2-transcript-321065e1df.htm
ddr-manz-1-112,Toshiko Aiboshi,Toshiko Aiboshi Interview,"January 20, 2011","Culver City, California",Nisei,https://ddr.densho.org/ddr-manz-1-112/,https://ddr.densho.org/api/0.2/ddr-manz-1-112/,Toshiko Aiboshi Interview Segment 11 Transcript,https://ddr.densho.org/media/ddr-manz-1/ddr-manz-1-112-11-transcript-0b6c0e5693.htm
ddr-manz-1-112,Toshiko Aiboshi,Toshiko Aiboshi Interview,"January 20, 2011","Culver City, California",Nisei,https://ddr.densho.org/ddr-manz-1-112/,https://ddr.densho.org/api/0.2/ddr-manz-1-112/,Toshiko Aiboshi Interview Transcript,https://ddr.densho.org/media/ddr-manz-1/ddr-manz-1-112-transcript-3d83b07024.htm
ddr-manz-1-112,Toshiko Aiboshi,Toshiko Aiboshi Interview,"January 20, 2011","Culver City, California",Nisei,https://ddr.densho.org/ddr-manz-1-112/,https://ddr.densho.org/api/0.2/ddr-manz-1-112/,Toshiko Aiboshi Interview Segment 10 Transcript,https://ddr.densho.org/media/ddr-manz-1/ddr-manz-1-112-10-transcript-4379b173c7.htm
ddr-manz-1-112,Toshiko Aiboshi,Toshiko Aiboshi Interview,"January 20, 2011","Culver City, California",Nisei,https://ddr.densho.org/ddr-manz-1-112/,https://ddr.densho.org/api/0.2/ddr-manz-1-112/,Toshiko Aiboshi Interview Segment 7 Transcript,https://ddr.densho.org/media/ddr-manz-1/ddr-manz-1-112-7-transcript-5bb692bcfd.htm
ddr-manz-1-112,Toshiko Aiboshi,Toshiko Aiboshi Interview,"January 20, 2011","Culver City, California",Nisei,https://ddr.densho.org/ddr-manz-1-112/,https://ddr.densho.org/api/0.2/ddr-manz-1-112/,Toshiko Aiboshi Interview Segment 3 Transcript,https://ddr.densho.org/media/ddr-manz-1/ddr-manz-1-112-3-transcript-67508d228e.htm
ddr-manz-1-112,Toshiko Aiboshi,Toshiko Aiboshi Interview,"January 20, 2011","Culver City, California",Nisei,https://ddr.densho.org/ddr-manz-1-112/,https://ddr.densho.org/api/0.2/ddr-manz-1-112/,Toshiko Aiboshi Interview Segment 1 Transcript,https://ddr.densho.org/media/ddr-manz-1/ddr-manz-1-112-1-transcript-67be4fbd04.htm
ddr-manz-1-112,Toshiko Aiboshi,Toshiko Aiboshi Interview,"January 20, 2011","Culver City, California",Nisei,https://ddr.densho.org/ddr-manz-1-112/,https://ddr.densho.org/api/0.2/ddr-manz-1-112/,Toshiko Aiboshi Interview Segment 15 Transcript,https://ddr.densho.org/media/ddr-manz-1/ddr-manz-1-112-15-transcript-6bef149ba0.htm
ddr-manz-1-112,Toshiko Aiboshi,Toshiko Aiboshi Interview,"January 20, 2011","Culver City, California",Nisei,https://ddr.densho.org/ddr-manz-1-112/,https://ddr.densho.org/api/0.2/ddr-manz-1-112/,Toshiko Aiboshi Interview Segment 6 Transcript,https://ddr.densho.org/media/ddr-manz-1/ddr-manz-1-112-6-transcript-6fee2faa20.htm
ddr-manz-1-112,Toshiko Aiboshi,Toshiko Aiboshi Interview,"January 20, 2011","Culver City, California",Nisei,https://ddr.densho.org/ddr-manz-1-112/,https://ddr.densho.org/api/0.2/ddr-manz-1-112/,Toshiko Aiboshi Interview Segment 14 Transcript,https://ddr.densho.org/media/ddr-manz-1/ddr-manz-1-112-14-transcript-80797cf25c.htm
ddr-manz-1-112,Toshiko Aiboshi,Toshiko Aiboshi Interview,"January 20, 2011","Culver City, California",Nisei,https://ddr.densho.org/ddr-manz-1-112/,https://ddr.densho.org/api/0.2/ddr-manz-1-112/,Toshiko Aiboshi Interview Segment 2 Transcript,https://ddr.densho.org/media/ddr-manz-1/ddr-manz-1-112-2-transcript-8691d39c54.htm
ddr-manz-1-112,Toshiko Aiboshi,Toshiko Aiboshi Interview,"January 20, 2011","Culver City, California",Nisei,https://ddr.densho.org/ddr-manz-1-112/,https://ddr.densho.org/api/0.2/ddr-manz-1-112/,Toshiko Aiboshi Interview Segment 12 Transcript,https://ddr.densho.org/media/ddr-manz-1/ddr-manz-1-112-12-transcript-c0af66194e.htm
ddr-manz-1-112,Toshiko Aiboshi,Toshiko Aiboshi Interview,"January 20, 2011","Culver City, California",Nisei,https://ddr.densho.org/ddr-manz-1-112/,https://ddr.densho.org/api/0.2/ddr-manz-1-112/,Toshiko Aiboshi Interview Segment 13 Transcript,https://ddr.densho.org/media/ddr-manz-1/ddr-manz-1-112-13-transcript-d2b7aaa327.htm
ddr-manz-1-112,Toshiko Aiboshi,Toshiko Aiboshi Interview,"January 20, 2011","Culver City, California",Nisei,https://ddr.densho.org/ddr-manz-1-112/,https://ddr.densho.org/api/0.2/ddr-manz-1-112/,Toshiko Aiboshi Interview Segment 8 Transcript,https://ddr.densho.org/media/ddr-manz-1/ddr-manz-1-112-8-transcript-eaf89268af.htm
ddr-manz-1-112,Toshiko Aiboshi,Toshiko Aiboshi Interview,"January 20, 2011","Culver City, California",Nisei,https://ddr.densho.org/ddr-manz-1-112/,https://ddr.densho.org/api/0.2/ddr-manz-1-112/,Toshiko Aiboshi Interview Segment 9 Transcript,https://ddr.densho.org/media/ddr-manz-1/ddr-manz-1-112-9-transcript-eb1390b68d.htm
ddr-manz-1-112,Toshiko Aiboshi,Toshiko Aiboshi Interview,"January 20, 2011","Culver City, California",Nisei,https://ddr.densho.org/ddr-manz-1-112/,https://ddr.densho.org/api/0.2/ddr-manz-1-112/,Toshiko Aiboshi Interview Segment 4 Transcript,https://ddr.densho.org/media/ddr-manz-1/ddr-manz-1-112-4-transcript-eb2b1bdb3c.htm
ddr-manz-1-112,Toshiko Aiboshi,Toshiko Aiboshi Interview,"January 20, 2011","Culver City, California",Nisei,https://ddr.densho.org/ddr-manz-1-112/,https://ddr.densho.org/api/0.2/ddr-manz-1-112/,Toshiko Aiboshi Interview Segment 5 Transcript,https://ddr.densho.org/media/ddr-manz-1/ddr-manz-1-112-5-transcript-f76ed2ff07.htm
ddr-manz-1-112,Toshiko Aiboshi,Toshiko Aiboshi Interview,"January 20, 2011","Culver City, California",Nisei,https://ddr.densho.org/ddr-manz-1-112/,https://ddr.densho.org/api/0.2/ddr-manz-1-112/,Toshiko Aiboshi Interview Glossary,https://ddr.densho.org/media/ddr-manz-1/ddr-manz-1-112-transcript-99e580b196.htm
ddr-one-7-48,Sab Akiyama,Sab Akiyama Interview,"October 30, 2013","Hood River, Oregon",Nisei,https://ddr.densho.org/ddr-one-7-48/,https://ddr.densho.org/api/0.2/ddr-one-7-48/,Sab Akiyama Interview Segment 17 Transcript,https://ddr.densho.org/media/ddr-one-7/ddr-one-7-48-17-transcript-06abeb14a3.htm
ddr-one-7-48,Sab Akiyama,Sab Akiyama Interview,"October 30, 2013","Hood River, Oregon",Nisei,https://ddr.densho.org/ddr-one-7-48/,https://ddr.densho.org/api/0.2/ddr-one-7-48/,Sab Akiyama Interview Segment 3 Transcript,https://ddr.densho.org/media/ddr-one-7/ddr-one-7-48-3-transcript-09fdd20e98.htm
ddr-one-7-48,Sab Akiyama,Sab Akiyama Interview,"October 30, 2013","Hood River, Oregon",Nisei,https://ddr.densho.org/ddr-one-7-48/,https://ddr.densho.org/api/0.2/ddr-one-7-48/,Sab Akiyama Interview Segment 15 Transcript,https://ddr.densho.org/media/ddr-one-7/ddr-one-7-48-15-transcript-12b2e3e6ab.htm
ddr-one-7-48,Sab Akiyama,Sab Akiyama Interview,"October 30, 2013","Hood River, Oregon",Nisei,https://ddr.densho.org/ddr-one-7-48/,https://ddr.densho.org/api/0.2/ddr-one-7-48/,Sab Akiyama Interview Segment 1 Transcript,https://ddr.densho.org/media/ddr-one-7/ddr-one-7-48-1-transcript-27be847207.htm
ddr-one-7-48,Sab Akiyama,Sab Akiyama Interview,"October 30, 2013","Hood River, Oregon",Nisei,https://ddr.densho.org/ddr-one-7-48/,https://ddr.densho.org/api/0.2/ddr-one-7-48/,Sab Akiyama Interview Segment 2 Transcript,https://ddr.densho.org/media/ddr-one-7/ddr-one-7-48-2-transcript-3c4267a12a.htm
ddr-one-7-48,Sab Akiyama,Sab Akiyama Interview,"October 30, 2013","Hood River, Oregon",Nisei,https://ddr.densho.org/ddr-one-7-48/,https://ddr.densho.org/api/0.2/ddr-one-7-48/,Sab Akiyama Interview Segment 7 Transcript,https://ddr.densho.org/media/ddr-one-7/ddr-one-7-48-7-transcript-3c83d2ad5c.htm
ddr-one-7-48,Sab Akiyama,Sab Akiyama Interview,"October 30, 2013","Hood River, Oregon",Nisei,https://ddr.densho.org/ddr-one-7-48/,https://ddr.densho.org/api/0.2/ddr-one-7-48/,Sab Akiyama Interview Segment 12 Transcript,https://ddr.densho.org/media/ddr-one-7/ddr-one-7-48-12-transcript-468e83e726.htm
ddr-one-7-48,Sab Akiyama,Sab Akiyama Interview,"October 30, 2013","Hood River, Oregon",Nisei,https://ddr.densho.org/ddr-one-7-48/,https://ddr.densho.org/api/0.2/ddr-one-7-48/,Sab Akiyama Interview Segment 13 Transcript,https://ddr.densho.org/media/ddr-one-7/ddr-one-7-48-13-transcript-5707d05f2c.htm
ddr-one-7-48,Sab Akiyama,Sab Akiyama Interview,"October 30, 2013","Hood River, Oregon",Nisei,https://ddr.densho.org/ddr-one-7-48/,https://ddr.densho.org/api/0.2/ddr-one-7-48/,Sab Akiyama Interview Segment 11 Transcript,https://ddr.densho.org/media/ddr-one-7/ddr-one-7-48-11-transcript-5717e05097.htm
ddr-one-7-48,Sab Akiyama,Sab Akiyama Interview,"October 30, 2013","Hood River, Oregon",Nisei,https://ddr.densho.org/ddr-one-7-48/,https://ddr.densho.org/api/0.2/ddr-one-7-48/,Sab Akiyama Interview Segment 8 Transcript,https://ddr.densho.org/media/ddr-one-7/ddr-one-7-48-8-transcript-6b7cdab821.htm
ddr-one-7-48,Sab Akiyama,Sab Akiyama Interview,"October 30, 2013","Hood River, Oregon",Nisei,https://ddr.densho.org/ddr-one-7-48/,https://ddr.densho.org/api/0.2/ddr-one-7-48/,Sab Akiyama Interview Segment 9 Transcript,https://ddr.densho.org/media/ddr-one-7/ddr-one-7-48-9-transcript-7a18ad28fd.htm
ddr-one-7-48,Sab Akiyama,Sab Akiyama Interview,"October 30, 2013","Hood River, Oregon",Nisei,https://ddr.densho.org/ddr-one-7-48/,https://ddr.densho.org/api/0.2/ddr-one-7-48/,Sab Akiyama Interview Segment 10 Transcript,https://ddr.densho.org/media/ddr-one-7/ddr-one-7-48-10-transcript-826b21d70c.htm
ddr-one-7-48,Sab Akiyama,Sab Akiyama Interview,"October 30, 2013","Hood River, Oregon",Nisei,https://ddr.densho.org/ddr-one-7-48/,https://ddr.densho.org/api/0.2/ddr-one-7-48/,Sab Akiyama Interview Segment 5 Transcript,https://ddr.densho.org/media/ddr-one-7/ddr-one-7-48-5-transcript-992ea87c06.htm
ddr-one-7-48,Sab Akiyama,Sab Akiyama Interview,"October 30, 2013","Hood River, Oregon",Nisei,https://ddr.densho.org/ddr-one-7-48/,https://ddr.densho.org/api/0.2/ddr-one-7-48/,Sab Akiyama Interview Segment 14 Transcript,https://ddr.densho.org/media/ddr-one-7/ddr-one-7-48-14-transcript-bceeadd3f7.htm
ddr-one-7-48,Sab Akiyama,Sab Akiyama Interview,"October 30, 2013","Hood River, Oregon",Nisei,https://ddr.densho.org/ddr-one-7-48/,https://ddr.densho.org/api/0.2/ddr-one-7-48/,Sab Akiyama Interview Segment 4 Transcript,https://ddr.densho.org/media/ddr-one-7/ddr-one-7-48-4-transcript-cadffc63d0.htm
ddr-one-7-48,Sab Akiyama,Sab Akiyama Interview,"October 30, 2013","Hood River, Oregon",Nisei,https://ddr.densho.org/ddr-one-7-48/,https://ddr.densho.org/api/0.2/ddr-one-7-48/,Sab Akiyama Interview Segment 6 Transcript,https://ddr.densho.org/media/ddr-one-7/ddr-one-7-48-6-transcript-d09b0614ae.htm
ddr-one-7-48,Sab Akiyama,Sab Akiyama Interview,"October 30, 2013","Hood River, Oregon",Nisei,https://ddr.densho.org/ddr-one-7-48/,https://ddr.densho.org/api/0.2/ddr-one-7-48/,Sab Akiyama Interview Segment 16 Transcript,https://ddr.densho.org/media/ddr-one-7/ddr-one-7-48-16-transcript-d98ab84ea6.htm
ddr-one-7-48,Sab Akiyama,Sab Akiyama Interview,"October 30, 2013","Hood River, Oregon",Nisei,https://ddr.densho.org/ddr-one-7-48/,https://ddr.densho.org/api/0.2/ddr-one-7-48/,Sab Akiyama Interview Segment 18 Transcript,https://ddr.densho.org/media/ddr-one-7/ddr-one-7-48-18-transcript-dc4f0fbc21.htm
ddr-one-7-48,Sab Akiyama,Sab Akiyama Interview,"October 30, 2013","Hood River, Oregon",Nisei,https://ddr.densho.org/ddr-one-7-48/,https://ddr.densho.org/api/0.2/ddr-one-7-48/,Sab Akiyama Interview Transcript,https://ddr.densho.org/media/ddr-one-7/ddr-one-7-48-transcript-e2b7a3a151.htm
ddr-one-7-48,Sab Akiyama,Sab Akiyama Interview,"October 30, 2013","Hood River, Oregon",Nisei,https://ddr.densho.org/ddr-one-7-48/,https://ddr.densho.org/api/0.2/ddr-one-7-48/,Sab Akiyama Interview Glossary,https://ddr.densho.org/media/ddr-one-7/ddr-one-7-48-transcript-67c1adc7d3.htm
